,resto_age,thumbnail,address,resto_name,sectors,location_x,location_y,phone_number,menu1,menu2,video_info_tag,video_title,video_id
0,,,서울 강남구 논현로164길 30,호남식당,,127.030627574445,37.5228893473181,,,,"['서울 횟집 맛집', '서울 선어회 맛집', '가성비 맛집', '서울맛집', '서울 맛집', '서울 가성비 맛집', '서울먹방', '먹방데이트', '맛집 소개', '맛집 소개 유튜버', '서울 맛집 유튜버', '서울 맛집 소개', '맛집소개', '맛집소개 유튜버', '맛집 유튜버', '술먹방', '가심비 맛집', '갓성비 맛집', '서울 가성비', '강남 맛집', '압구정', '압구정 노포', '압구정역 맛집', '청담 맛집', '압구정 로데오', '압구정 로데오 맛집', '삼겹살', '백반', '백반 맛집', '묵은지 돼지찜']",(실제 간판) 영감님들끼리도 안 알려주는 동네 찐맛집,iJSdFsDrQrk
1,,,서울 광진구 동일로24길 18-1,이신돈해물삼합,,127.066188006511,37.5437216802765,,,,"['서울맛집', '서울 맛집', '서울먹방', '먹방데이트', '서울노포', '맛집소개', '맛집소개 유튜버', '맛집 유튜버', '서울 맛집 유튜버', '서울 맛집 소개', '술먹방', '가성비 맛집', '가심비 맛집', '갓성비 맛집', '서울 가성비', '광진구 맛집', '건대 맛집', '건대입구 맛집', '건대입구역 맛집', '화양동', '화양동 맛집']",아니 이 재료를 이 가격에!? 밑반찬부터 작살나는 오지는 식당,c7ExJuB8__8
2,,,서울 중구 퇴계로74길 6 1층,개나리회관,,127.014727982024,37.5649206886361,,,,"['가성비 맛집', '서울맛집', '서울 맛집', '서울 가성비 맛집', '서울먹방', '먹방데이트', '맛집 소개', '맛집 소개 유튜버', '서울 맛집 유튜버', '서울 맛집 소개', '맛집소개', '맛집소개 유튜버', '맛집 유튜버', '술먹방', '가심비 맛집', '갓성비 맛집', '서울 가성비', '해산물 코스', '오마카세', '수산물 오마카세', '잠실 맛집', '신당맛집', '중구맛집', '신당역 맛집', '투뿔한우', '투뿔코스', '살치살', '갈빗살', '북해도산우니', '우니 맛집', '해산물 맛집', '된장죽', '차돌박이', 'BMS9등급']",역대급 퀄리티의 코스요리! 가성비 미친 구성의 살발한 식당,EItWrB9rNBE
3,,,서울 송파구 석촌호수로12길 29,벼락가우리,,127.083146444974,37.5085867503956,,,,"['가성비 맛집', '서울맛집', '서울 맛집', '서울 가성비 맛집', '서울먹방', '먹방데이트', '맛집 소개', '맛집 소개 유튜버', '서울 맛집 유튜버', '서울 맛집 소개', '맛집소개', '맛집소개 유튜버', '맛집 유튜버', '술먹방', '가심비 맛집', '갓성비 맛집', '서울 가성비', '해산물 코스', '한국횟집', '오마카세', '수산물 오마카세', '잠실 맛집', '잠실새내역 맛집', '잠실 노포', '송파맛집', '송파구 맛집', '송파 맛집', '신천 맛집']",술안주가 끝도 없이 밀려나오는 미친 술집,R7vcGqH6H68
4,,,서울 종로구 새문안로5길 11,화목순대국,,126.974726578327,37.5711948777558,,,,"['노포식당', '노포래퍼', '노포 맛집', '노포집', '노포 식당', '서울맛집', '서울 맛집', '서울먹방', '먹방데이트', '서울노포', '맛집소개', '맛집소개 유튜버', '맛집 유튜버', '서울 맛집 유튜버', '서울 맛집 소개', '술먹방', '가심비 맛집', '서울 가성비', '국밥', '국밥충', '화목순대국', '성시경 맛집', '먹을텐테', '성시경 국밥', '유재석 국밥', '유재석', '광화문 맛집', '여의도 맛집', '맥주', '광화문역 맛집', '종로구', '종로 맛집']",극악의 웨이팅! 어디에도 없는 독특한 국밥을 파는 집 + ???,C-htF8mWQeY
5,,,서울 중구 을지로3길 30,산불등심,,126.981504399751,37.5674234857838,,,,"['노포식당', '노포 맛집', '노포집', '노포 식당', '서울맛집', '서울 맛집', '서울먹방', '먹방데이트', '서울노포', '오래된 맛집', '오래된 집', '오래된 가게', '맛집 소개', '맛집 소개 유튜버', '서울 맛집 유튜버', '서울 맛집 소개', '서울 고기 맛집', '맛집소개', '맛집소개 유튜버', '맛집 유튜버', '술먹방', '가심비 맛집', '갓성비 맛집', '서울 가성비', '부대찌개', '스테이크', '한우', '소고기', '등심', '다동', '무교동', '을지로 노포', '을지로 맛집']",엄청 비싼 가격인데 줄 서서 먹는다고!? 전국 최고가 된장찌개와 한우등심 전문점,v3d00Df1h70
6,,,서울 마포구 양화로3길 99-4 지하1층,형제심야식당,,126.910219552895,37.5533977791998,,,,"['가성비 맛집', '서울맛집', '서울 맛집', '서울 가성비 맛집', '서울먹방', '먹방데이트', '맛집 소개', '맛집 소개 유튜버', '서울 맛집 유튜버', '서울 맛집 소개', '맛집소개', '맛집소개 유튜버', '맛집 유튜버', '술먹방', '가심비 맛집', '갓성비 맛집', '서울 가성비', '오마카세', '합정 맛집', '합정 심야식당', '심야식당', '망원 맛집', '합정역 맛집', '망원 심야식당', '망원동 맛집', '마포구 맛집', '코스 요리']",세상 어디에도 없는 미친 코스의 심야식당,nw3ZyVR_X0s
7,,,서울 강남구 테헤란로25길 9,청수횟집,,127.034964071105,37.501299180753,,,,"['가성비 맛집', '서울맛집', '서울 맛집', '서울 가성비 맛집', '서울먹방', '먹방데이트', '맛집 소개', '맛집 소개 유튜버', '서울 맛집 유튜버', '서울 맛집 소개', '맛집소개', '맛집소개 유튜버', '맛집 유튜버', '술먹방', '가심비 맛집', '갓성비 맛집', '서울 가성비', '해산물 코스', '수산물 오마카세', '한국횟집', '횟집', '역삼동 맛집', '강남 맛집', '강남역 맛집']",아니 이런곳이!? 어디에도 공개되지 않은 살발한 횟집,tDuUG76QrzQ
8,,,서울 관악구 남부순환로 1835-26 재승빌딩,돈뼈락 연탄갈비,,126.954188030898,37.481000640587,,,,"['가성비 맛집', '서울맛집', '서울 맛집', '서울 가성비 맛집', '서울먹방', '먹방데이트', '맛집 소개', '맛집 소개 유튜버', '서울 맛집 유튜버', '서울 맛집 소개', '맛집소개', '맛집소개 유튜버', '맛집 유튜버', '술먹방', '가심비 맛집', '갓성비 맛집', '서울 가성비', '삼겹살', '뼈삼겹', '연탄구이', '노포식당', '돼지갈비', '서울 돼지갈비', '서울 5대 돼지갈비', '관악구', '관악구 노포', '관악구 맛집', '봉천동 마집']",30년 내공의 희한한 삼겹살을 파는 연탄구이 집,RyHSrszNqEI
9,,,서울 동대문구 장한로27가길 28 1층 남도보쌈파전,남도보쌈파전,,127.071291169328,37.5743253947157,,,,"['가성비 맛집', '서울맛집', '서울 맛집', '서울 가성비 맛집', '서울먹방', '먹방데이트', '맛집 소개', '맛집 소개 유튜버', '서울 맛집 유튜버', '서울 맛집 소개', '맛집소개', '맛집소개 유튜버', '맛집 유튜버', '술먹방', '가심비 맛집', '갓성비 맛집', '서울 가성비', '장안동', '장안동 맛집', '답십리 맛집', '답십리', '동대문구 맛집', '김치', '김치 맛집', '굴보쌈 맛집', '보쌈김치', '보쌈김치 맛집', '보쌈', '밑반찬 맛집', '밑반찬']",먹어본 보쌈김치 중 원톱! 꽁꽁 숨어 찾아가는 것도 힘든 레전드 맛집,k1cIO5eiSpg
10,,,서울 중랑구 중랑역로 34 1층,한국횟집,,127.076202532202,37.5970796029997,,,,"['가성비 맛집', '서울맛집', '서울 맛집', '서울 가성비 맛집', '서울먹방', '먹방데이트', '맛집 소개', '맛집 소개 유튜버', '서울 맛집 유튜버', '서울 맛집 소개', '맛집소개', '맛집소개 유튜버', '맛집 유튜버', '술먹방', '가심비 맛집', '갓성비 맛집', '서울 가성비', '해산물 코스', '중랑구 맛집', '한국횟집', '오마카세', '수산물 오마카세', '중랑역 맛집']",진짜로 거짓말 아니고 역대급 미친 횟집,lXDm25tDxZY
11,,,서울 관악구 봉천로 605 102호,1. 오월의 김밥,,126.964603827591,37.4760911961869,,,,"['노포식당', '노포래퍼', '노포 맛집', '노포집', '노포 식당', '서울맛집', '서울 맛집', '서울먹방', '먹방데이트', '서울노포', '맛집소개', '맛집소개 유튜버', '맛집 유튜버', '서울 맛집 유튜버', '서울 맛집 소개', '술먹방', '가심비 맛집', '서울 가성비', '관악산 맛집', '과천 맛집', '관악구 맛집', '김밥 맛집', '서울 김밥 맛집', '서울 3대 김밥', '김밥 재료', '김밥', '낙성대역 맛집', '관악 맛집', '등산 맛집']",분위기 죽이는 야장!? 살다살다 이런 뜬금없는 곳의 맛집은 처음! 산악인 풀코스 맛집,BRzt1t170og
12,,,서울 마포구 독막로 56,옛맛서울불고기,,126.919665629833,37.5475077309865,,,,"['가성비 맛집', '노포식당', '노포 맛집', '노포집', '노포 식당', '서울맛집', '서울 맛집', '서울 가성비 맛집', '서울먹방', '먹방데이트', '서울노포', '오래된 맛집', '오래된 집', '오래된 가게', '맛집 소개', '맛집 소개 유튜버', '서울 맛집 유튜버', '서울 맛집 소개', '돼지고기 맛집', '서울 고기 맛집', '맛집소개', '맛집소개 유튜버', '맛집 유튜버', '술먹방', '가심비 맛집', '갓성비 맛집', '서울 가성비', '한우', '소고기', '등심', '무국', '갈비탕 맛집', '갈비탕', '합정 맛집', '마포구 맛집', '육우']",고기를 이토록 징하게 많이 주는 집은 처음! 국내산 소고기 갈비탕 맛집,-BCqGJIXzwc
13,,,서울 용산구 한강대로84길 14,다사랑스테이크,,126.973433475956,37.5436041637657,,,,"['서울 텐동 맛집', '용산 맛집', '용산구 맛집', '남영역 맛집', '남영동 맛집', '숙대입구 맛집', '숙대 맛집', '숙대입구역 맛집', '최자로드', '최자 맛집', '최자 동네', '최자 맛집 동네', '가성비 맛집', '노포식당', '노포 맛집', '노포집', '노포 식당', '서울맛집', '서울 맛집', '서울 가성비 맛집', '서울먹방', '먹방데이트', '서울노포', '오래된 맛집', '오래된 집', '오래된 가게', '맛집 소개', '맛집 소개 유튜버', '서울 맛집 유튜버', '서울 맛집 소개', '돼지고기 맛집', '서울 고기 맛집', '맛집소개', '맛집소개 유튜버', '맛집 유튜버', '술먹방', '가심비 맛집', '갓성비 맛집', '서울 가성비', '부대찌개', '스테이크', '한우', '소고기', '등심', '남영동']",이게 한국 음식!? 미국인들이 더 좋아한 40년 된 한국의 스테이크집,b3aKs29igcQ
14,,,서울 영등포구 영등포로51길 6 1층 대한옥 (본점),대한옥,,126.910884093078,37.5193555187882,,,,"['노포식당', '노포래퍼', '노포 맛집', '노포집', '노포 식당', '서울맛집', '서울 맛집', '서울먹방', '먹방데이트', '서울노포', '맛집소개', '맛집소개 유튜버', '맛집 유튜버', '서울 맛집 유튜버', '서울 맛집 소개', '술먹방', '영등포구 맛집', '영등포 맛집', '영등포동 맛집', '영등포역 맛집', '서울 참치 맛집', '가심비 맛집', '서울 가성비', '소고기', '소꼬리찜', '대한옥', '도가니탕', '도가니 맛집', '신길역 맛집', '신길동 맛집']",소고기 중 가장 비싼 부위!? 그럼에도 남녀노소 모두가 줄선다는 50년 업력의 전설적인 노포식당,r3hLcF0HwfA
15,,,서울 성북구 고려대로28길 2 1층 야마토텐동,야마토텐동,,127.030220050981,37.5861043559909,,,,"['서울 횟집 맛집', '서울 선어회 맛집', '가성비 맛집', '서울맛집', '서울 맛집', '서울 가성비 맛집', '서울먹방', '먹방데이트', '맛집 소개', '맛집 소개 유튜버', '서울 맛집 유튜버', '서울 맛집 소개', '맛집소개', '맛집소개 유튜버', '맛집 유튜버', '술먹방', '가심비 맛집', '갓성비 맛집', '서울 가성비', '텐동 맛집', '텐동', '살치살', '살치살 튀김', '꽈리고추', '온센타마고', '고려대 맛집', '고려대', '성북구 맛집', '안암 맛집', '안암동 맛집', '안암역 맛집']","동네를 평정해버린 대박난 튀김 맛집, 살면서 이런 튀김은 처음! 가성비 쩌는 옹골찬 텐동집",shaXqy58oCo
16,,,서울 성북구 보문동1가 53,안동반점,,127.018958209162,37.5870519335966,,,,"['노포식당', '노포래퍼', '노포 맛집', '노포집', '노포 식당', '서울맛집', '서울 맛집', '서울먹방', '먹방데이트', '서울노포', '맛집소개', '맛집소개 유튜버', '맛집 유튜버', '서울 맛집 유튜버', '서울 맛집 소개', '술먹방', '가심비 맛집', '갓성비 맛집', '서울 가성비', '화상노포', '서울 중국집 맛집', '간짜장 맛집', '화상 노포', '서울 짜장 맛집', '짜장면 맛집', '짜장면', '간짜장', '노포 간짜장', '화상 중국집', '보문동 노포', '성북구 맛집', '보문동 맛집', '짬뽕 맛집', '잡채밥 맛집', '잡채밥', '삼선짬뽕', '서울 3대 짬뽕', '탕수육 맛집', '탕수육', '중식 잡채밥']",중식매니아들 사이에서도 최고로 꼽는다는 45년 업력의 전설적인 노포 중식당,UCEefsjvRYE
17,,,서울 서대문구 창천동 62-37 돈불1971,돈불1971,,126.933651696136,37.5569490558281,,,,"['가성비 맛집', '서울맛집', '서울 맛집', '서울 가성비 맛집', '서울먹방', '먹방데이트', '맛집 소개', '맛집 소개 유튜버', '서울 맛집 유튜버', '서울 맛집 소개', '맛집소개', '맛집소개 유튜버', '맛집 유튜버', '술먹방', '가심비 맛집', '갓성비 맛집', '서울 가성비', '마포구 맛집', '즉석 떡볶이 맛집', '서울 떡볶이 맛집', '돼지고기 맛집', '노포식당', '노포 맛집', '노포집', '서울노포', '항정살', '돼지고기', '삼겹살', '서울 고기 맛집', '양념 갈비 맛집', '신촌 맛집', '서대문구 맛집', '항정살 맛집', '자취남', '삼겹살 맛집', '연세대 맛집', '연세대 삼겹살', '신촌 고기 맛집', '신촌 고깃집', '신촌 고기집']",최초공개! 현재 오지게 핫한 초대형 유튜버와의 살발한 술자리 현장,qQTiH8VTCD8
18,,,서울 용산구 원효로2가 84-1 1층 곰배령이야기,곰배령이야기,,126.961715470353,37.5357936008511,,,,"['노포식당', '노포래퍼', '노포 맛집', '노포집', '노포 식당', '서울맛집', '서울 맛집', '서울먹방', '먹방데이트', '서울노포', '맛집소개', '맛집소개 유튜버', '맛집 유튜버', '서울 맛집 유튜버', '서울 맛집 소개', '술먹방', '가성비 맛집', '가심비 맛집', '갓성비 맛집', '서울 가성비', '서울 곱창 맛집', '서울 곱창 가성비', '곱창 가성비', '곱창 맛집', '용산 맛집', '곰배령', '곰배령 이야기', '곱창 전골 맛집', '육회 맛집', '한우 육회', '한우 육회 맛집', '한우 곱창', '한우 곱창 맛집', '용산구 맛집', '용문동', '용문동 맛집', '효창공원', '효창공원 맛집']",한우육회+곱창구이+곱창전골=3만원!? 퀄리티 가성비 둘다 쩌는 맛집,Dp-8S6EUde8
19,,,서울 중구 을지로3가 202-8,마포쭈꾸미,,126.99323843367,37.566984694578,,,,"['노포식당', '노포래퍼', '노포 맛집', '노포집', '노포 식당', '서울맛집', '서울 맛집', '서울먹방', '먹방데이트', '서울노포', '맛집소개', '맛집소개 유튜버', '맛집 유튜버', '서울 맛집 유튜버', '서울 맛집 소개', '술먹방', '가성비 맛집', '가심비 맛집', '갓성비 맛집', '서울 가성비', '중구 맛집', '을지로 맛집', '을지로 노포', '서울 노포', '을지로 3가 맛집', '서울 가성비 맛집', '쭈꾸미', '서울 쭈꾸미 맛집', '쭈꾸미 맛집']",리얼 코리안 바이브! 허름해도 항상 사람이 붐비는 36년 전통 리얼 찐 맛집,VibLwxExuI0
20,,,서울 관악구 신림동 1410-17,서울갈비,,126.933595539713,37.484982419778,,,,"['가성비 맛집', '서울맛집', '서울 맛집', '서울 가성비 맛집', '서울먹방', '먹방데이트', '맛집 소개', '맛집 소개 유튜버', '서울 맛집 유튜버', '서울 맛집 소개', '맛집소개', '맛집소개 유튜버', '맛집 유튜버', '술먹방', '가심비 맛집', '갓성비 맛집', '서울 가성비', '서울 갈비 맛집', '갈비집', '서울 갈비 가성비', '갈비 노포', '서울 갈비 노포', '소갈비', '된장찌개 맛집', '영등포구 맛집', '찐맛집', '관악구 맛집', '신림동 맛집', '신림 맛집', '신림역 맛집', '노포', '우삼겹', '우삼겹 맛집', '우삼겹맛집']",갈 때마다 발길을 돌려야 했던 20년 업력의 웨이팅 오지는 동네 찐맛집,sincgd7o9YE
21,,,서울 강남구 논현동 4-19 혜정빌딩 1층 해정빌딩 1층,김수사,,127.02322692284,37.5171921903436,,,,"['서울 횟집 맛집', '서울 선어회 맛집', '가성비 맛집', '서울맛집', '서울 맛집', '서울 가성비 맛집', '서울먹방', '먹방데이트', '맛집 소개', '맛집 소개 유튜버', '서울 맛집 유튜버', '서울 맛집 소개', '맛집소개', '맛집소개 유튜버', '맛집 유튜버', '술먹방', '가심비 맛집', '갓성비 맛집', '서울 가성비', '서울 회 맛집', '숙성회', '회', '회 맛집', '강남 맛집', '강남 노포', '강남 스시 맛집', '서울 초밥 맛집', '서울 스시', '서울 오마카세', '강남 오마카세 맛집', '노포', '노포 맛집', '스시 노포', '강남구 맛집', '신사역 맛집', '신사 맛집']","현존하는 가장 오래된 대한민국 1세대 오마카세집, 미친 가성비로 20가지가 넘는 코스를 즐길 수 있는 일식계의 전설",duA3tl_lYXw
22,,,서울 종로구 낙원동 53-1,종로찌개마을,,126.98833113883,37.5736455504761,,,,"['가성비 맛집', '노포식당', '노포 맛집', '노포집', '노포 식당', '서울맛집', '서울 맛집', '서울 가성비 맛집', '서울먹방', '먹방데이트', '서울노포', '오래된 맛집', '오래된 집', '오래된 가게', '맛집 소개', '맛집 소개 유튜버', '서울 맛집 유튜버', '서울 맛집 소개', '서울 고기 맛집', '맛집소개', '맛집소개 유튜버', '맛집 유튜버', '술먹방', '가심비 맛집', '갓성비 맛집', '서울 가성비', '종로3가 맛집', '종로 맛집', '종로', '종로구 맛집', '종로3가역 맛집', '종로구 노포', '종로 노포', '알찜', '고니 맛집', '이리', '뽈찜', '맛집', '김두한 맛집']","희한하게 젊은 여성분들로 가득찬 40년 넘은 노포, 오지게 푸짐한 양에 배터지고 나오는 살발한 맛집",uh_z948eg00
23,,,서울 성동구 하왕십리동 970-50,토상막회,,127.031939033507,37.5619066076517,,,,"['가성비 맛집', '서울맛집', '서울 맛집', '서울 가성비 맛집', '서울먹방', '먹방데이트', '맛집 소개', '맛집 소개 유튜버', '서울 맛집 유튜버', '서울 맛집 소개', '맛집소개', '맛집소개 유튜버', '맛집 유튜버', '술먹방', '가심비 맛집', '갓성비 맛집', '서울 가성비', '조개구이 맛집', '조개구이', '조개찜', '왕십리 노포', '왕십리역 맛집', '성동구 노포', '랍스타', '랍스터', '랍스타 가성비', '서울 랍스터', '해산물 코스', '성동구 맛집', '왕십리 맛집']",아니 서울에 이런 횟집이? 랍스타 인당 1만원!  끝없이 나오는 해산물 코스 역대급 살발한 횟집,Ai6ODqlYHwo
24,,,서울 강서구 방화동 179-14,원조수구레,,126.817461977942,37.5728427728516,,,,"['노포식당', '노포래퍼', '노포 맛집', '노포집', '노포 식당', '서울맛집', '서울 맛집', '서울먹방', '먹방데이트', '서울노포', '맛집소개', '맛집소개 유튜버', '맛집 유튜버', '서울 맛집 유튜버', '서울 맛집 소개', '술먹방', '가성비 맛집', '가심비 맛집', '갓성비 맛집', '서울 가성비', '서울 가성비 맛집', '맛집 소개', '맛집 소개 유튜버', '소고기', '한우 맛집', '소고기 맛집', '강서구 맛집', '강서구 노포', '강서구 가성비', '방화역맛집', '방화동 맛집', '개화산역 맛집', '백종원', '수구레', '백종원 맛집', '원조 수구레', '수구레 맛집', '노포', '신방화역 맛집', '방화 맛집', '백종원의 3대천왕', '3대천왕 맛집', '3대천왕', '서울 3대천왕 맛집']",미친 술안주! 백종원도 오지게 감탄하고 간 40년 업력의 찐맛집,YAkvZoVk3c0
25,,,서울 마포구 공덕동 115-122,1. 원조마포껍데기집,,126.95920117149,37.547460434799,,,,"['가성비 맛집', '서울맛집', '서울 맛집', '서울 가성비 맛집', '서울먹방', '먹방데이트', '맛집 소개', '맛집 소개 유튜버', '서울 맛집 유튜버', '서울 맛집 소개', '맛집소개', '맛집소개 유튜버', '맛집 유튜버', '술먹방', '가심비 맛집', '갓성비 맛집', '서울 가성비', '소고기 맛집', '영등포 시장 맛집', '영등포역 맛집', '서울 갈비 맛집', '갈비집', '서울 갈비 가성비', '갈비 노포', '서울 갈비 노포', '돼지갈비', '돼지껍데기', '양념게장', '된장찌개 맛집', '마포구 맛집', '도화동 맛집', '공덕동 맛집', '공덕동 노포', '공덕 노포', '애오개 맛집', '애오개 노포', '떡볶이 맛집', '즉석 떡볶이 맛집', '서울 떡볶이 맛집', '떡볶이 노포']",살다살다 도심 한복판에 이런 집 처음 봄! 유명 드라마 촬영 명소인 바로 그 집,RJpBwUWYMxg
26,,,서울 중구 주교동 239,우리슈퍼,,126.999263574897,37.5675617935401,,,,"['노포식당', '노포래퍼', '노포 맛집', '노포집', '노포 식당', '6시내고향 노포', '을지로 가맥집', '백반기행 가맥집', '허영만 가맥집', '서울 가맥집', '허영만 종로맛집', '허영만 을지로맛집', '서울맛집', '을지로 맛집', '서울 맛집', '을지로 4가 맛집', '가성비 맛집', '맛집 예약', '가성비', '서울 가성비 맛집', '나드리식품', '우리슈퍼', '굴마카세', '굴오마카세', '굴 코스', '굴전', '굴무침', '생굴', '을지로 노포']",상상도 하지 못할 메뉴를 파는 슈퍼! 겨울 한정 코스 요리가 있는 특이한 가맥집,84aWtwdsOnc
27,,,서울 강북구 번동 463-45 단충,황주집,,127.028299471536,37.6401156864432,,,,"['노포식당', '노포래퍼', '노포 맛집', '노포집', '노포 식당', '서울맛집', '서울 맛집', '서울먹방', '먹방데이트', '서울노포', '맛집소개', '맛집소개 유튜버', '맛집 유튜버', '서울 맛집 유튜버', '서울 맛집 소개', '술먹방', '가성비 맛집', '가심비 맛집', '갓성비 맛집', '서울 가성비', '서울 곱창 맛집', '서울 곱창 가성비', '곱창 가성비', '곱창 맛집', '황주집', '수유역 맛집', '수유역 곱창', '강북구 맛집', '번동 맛집']",살다살다 곱을 퍼먹고 온 집은 처음! 미친 가성비 쩌는 41년 업력의 곱창 맛집,9q9t-2ffolY
28,,,서울 서대문구 남가좌1동 291-45,1. 신흥떡볶이,,126.915723756473,37.5694247070372,,,,"['서울 떡볶이 맛집', '서울 떡볶이 투어', '서울 3대 떡볶이', '서울 5대 떡볶이', '생활의 달인 떡볶이 서울', '떡볶이 성지', '떡볶킹', '떡볶퀸', '떡지순례', '서대문구 맛집', '서대문구 노포', '서대문구 떡볶이', '가좌역 맛집', '가좌역 노포', '가좌역 떡볶이집', '송파구 노포', '송파 맛집', '문정역 맛집', '문정동 떡볶이', '문정역 골목 떡볶이', '백종원 맛집', '백종원 3대천왕 떡볶이', '떡볶이 맛집', '떡볶이', '중랑구 맛집', '면목역 맛집', '망우역 맛집', '망우역 떡볶이 맛집', '서촌 맛집', '경복궁 맛집', '노량진 맛집', '동작구 맛집', '동작구 노포', '노량진 떡볶이', '노량진 떡볶이 맛집']","[2탄] 40년도 넘은 살발한 레전드 떡볶이집, 미친 감성이 담긴 서울 떡볶이 맛집 BEST 5",RIu_3wqEB2U
29,,,서울 동대문구 전농동 124-2,등갈비의신화,,127.053136070331,37.5832408374151,,,,"['가성비 맛집', '서울맛집', '서울 맛집', '서울 가성비 맛집', '서울먹방', '먹방데이트', '맛집 소개', '맛집 소개 유튜버', '서울 맛집 유튜버', '서울 맛집 소개', '맛집소개', '맛집소개 유튜버', '맛집 유튜버', '술먹방', '가심비 맛집', '갓성비 맛집', '서울 가성비', '소고기', '소고기 맛집', '회기역 맛집', '동대문구 맛집', '회기 노포', '시립대 맛집', '등갈비', '등갈비 맛집', 'LA갈비', 'LA갈비 맛집', '소금구이', 'LA갈비 소금구이', 'LA 갈비', '전농동', '전농동 맛집', '청량리 맛집', '청량리역 맛집', '전농동 노포']","살면서 처음보는 LA갈비가 있는 골목 안 숨은 맛집, 손님을 위해 장사 접었던 특이한 식당",jRoU5Vz4CtU
30,,,서울 강동구 성내동 379-32,세꼬시,,127.137981211845,37.5334392167395,,,,"['숙성회 맛집', '선어회 맛집', '서울 숙성회 맛집', '서울 횟집 맛집', '서울 선어회 맛집', '가성비 맛집', '서울맛집', '서울 맛집', '서울 가성비 맛집', '서울먹방', '먹방데이트', '가성비 숙성회 맛집', '숙성회 가성비', '가성비 숙성회', '맛집 소개', '맛집 소개 유튜버', '서울 맛집 유튜버', '서울 맛집 소개', '맛집소개', '맛집소개 유튜버', '맛집 유튜버', '술먹방', '가심비 맛집', '갓성비 맛집', '서울 가성비', '서울 회 맛집', '강동구', '강동구 맛집', '숙성회', '세꼬시 맛집', '세꼬시', '길동 맛집', '성내동 맛집', '길동역 맛집', '강동역 맛집', '길동역', '강동역']","다 쓰러져가는데도 줄 서서 먹는 엄청난 횟집, 메뉴 하나로만 승부하는 찐맛집",onVzrF1w3AM
31,,,서울 강남구 논현동 216-10,세종한우,,127.032527543599,37.511014243967,,,,"['가성비 맛집', '서울맛집', '서울 맛집', '서울 가성비 맛집', '서울먹방', '먹방데이트', '맛집 소개', '맛집 소개 유튜버', '서울 맛집 유튜버', '서울 맛집 소개', '맛집소개', '맛집소개 유튜버', '맛집 유튜버', '술먹방', '가심비 맛집', '갓성비 맛집', '서울 가성비', '소고기', '한우 맛집', '한우 무한리필', '마장동 한우', '한우 2등급', '소고기 맛집', '한우 가성비', '강남구 맛집', '강남 맛집', '언주역 맛집', '논현동 맛집', '논현동 한우', '한우 투뿔', '한우 1등급']",서울에서 최상급 1++ 투뿔 한우를 가장 싸게 파는 집,iiADiDna5DU
32,,,서울 관악구 봉천동 1666-21 1층 행운동조개,행운동조개,,126.954074748328,37.4813627120972,,,,"['가성비 맛집', '서울맛집', '서울 맛집', '서울 가성비 맛집', '서울먹방', '먹방데이트', '맛집 소개', '맛집 소개 유튜버', '서울 맛집 유튜버', '서울 맛집 소개', '맛집소개', '맛집소개 유튜버', '맛집 유튜버', '술먹방', '가심비 맛집', '갓성비 맛집', '서울 가성비', '조개구이 맛집', '관악구 맛집', '서울대 맛집', '서울대입구 맛집', '조개구이 가성비', '조개찜 맛집', '조개찜 가성비', '칼국수 맛집', '칼국수', '조개구이', '조개찜', '행운동 맛집']",살다살다 서울에서 조개구이를 이렇게 퍼주는 집은 처음 봄! 가성비를 넘어 갓성비인 조개구이 맛집,2WHM4vxS0D0
33,,,서울 강서구 방화동 559-1,원조나주곰탕,,126.810056493929,37.5726977428996,,,,"['가성비 맛집', '서울맛집', '서울 맛집', '서울 가성비 맛집', '서울먹방', '먹방데이트', '맛집 소개', '맛집 소개 유튜버', '서울 맛집 유튜버', '서울 맛집 소개', '맛집소개', '맛집소개 유튜버', '맛집 유튜버', '술먹방', '가심비 맛집', '갓성비 맛집', '서울 가성비', '소고기', '한우 맛집', '소고기 맛집', '강서구 맛집', '강서구 노포', '강서구 가성비', '나주곰탕', '나주곰탕 맛집', '방화역맛집', '김포공항 맛집', '방화동 맛집', '개화산역 맛집', '개화산역', '곰탕 맛집', '수육 맛집', '수육', '곰탕 노포', '서울 곰탕 가성비']","오픈하자마자 줄서서 먹는, 곰탕을 시키면 무려 수육을 서비스로 내어주는 집",kDSBhYxCJMA
34,,,서울 영등포구 영등포동3가 23-11,부일숯불갈비,,126.908713347984,37.5181447150275,,,,"['가성비 맛집', '서울맛집', '서울 맛집', '서울 가성비 맛집', '서울먹방', '먹방데이트', '맛집 소개', '맛집 소개 유튜버', '서울 맛집 유튜버', '서울 맛집 소개', '맛집소개', '맛집소개 유튜버', '맛집 유튜버', '술먹방', '가심비 맛집', '갓성비 맛집', '서울 가성비', '소고기', '한우 맛집', '소고기 맛집', '회기 노포', '영등포 노포', '영등포 시장 맛집', '영등포역 맛집', '서울 갈비 맛집', '갈비집', '서울 갈비 가성비', '갈비 노포', '서울 갈비 노포', '소갈비', '돼지갈비', '돼지껍데기', '양념게장', '된장찌개 맛집', '영등포구 맛집']",미친 서비스가 나오는 서울에서 손님이 제일 많은 30년 된 갈비집,PliFTavpTuU
35,,,서울 종로구 관수동 40,장군굴보쌈,,126.990837753021,37.5698935773477,,,,"['가성비 맛집', '노포식당', '노포 맛집', '노포집', '노포 식당', '서울맛집', '서울 맛집', '서울 가성비 맛집', '서울먹방', '먹방데이트', '서울노포', '오래된 맛집', '오래된 집', '오래된 가게', '맛집 소개', '맛집 소개 유튜버', '서울 맛집 유튜버', '서울 맛집 소개', '서울 고기 맛집', '맛집소개', '맛집소개 유튜버', '맛집 유튜버', '술먹방', '가심비 맛집', '갓성비 맛집', '서울 가성비', '보쌈 맛집', '굴보쌈 맛집', '종로3가 맛집', '종로 맛집', '종로', '감자탕 맛집', '종로 감자탕 서비스', '오징어볶음', '오징어', '오징어볶음 맛집', '종로구 맛집', '종로3가역 맛집', '종로구 노포', '종로 노포']",보쌈+굴무침+오징어볶음+감자탕=2만원 대로 조지는 오래된 보쌈 골목,E3xhmptcl-M
36,,,서울 마포구 도화동 201-5,서산꽃게,,126.947945746469,37.5399052745071,,,,"['가성비 맛집', '서울맛집', '서울 맛집', '서울 가성비 맛집', '서울먹방', '먹방데이트', '맛집 소개', '맛집 소개 유튜버', '서울 맛집 유튜버', '서울 맛집 소개', '맛집소개', '맛집소개 유튜버', '맛집 유튜버', '술먹방', '가심비 맛집', '갓성비 맛집', '서울 가성비', '간장게장', '게장', '게장맛집', '간장게장 마포', '서울 3대 게장', '서울 3대 간장게장 맛집', '마포구 맛집', '공덕역 맛집']",상다리 휘어짐! 아는 사람만 찾아가는 후미진 골목 안 간장게장 지존 맛집,k6kw6K8M6Cs
37,,,서울 중구 남창동 50-48 2층,막내횟집,,126.976735767568,37.5593790870635,,,,"['숙성회 맛집', '선어회 맛집', '서울 숙성회 맛집', '서울 횟집 맛집', '서울 선어회 맛집', '가성비 맛집', '서울맛집', '서울 맛집', '서울 가성비 맛집', '서울먹방', '먹방데이트', '가성비 숙성회 맛집', '숙성회 가성비', '가성비 숙성회', '맛집 소개', '맛집 소개 유튜버', '서울 맛집 유튜버', '서울 맛집 소개', '맛집소개', '맛집소개 유튜버', '맛집 유튜버', '술먹방', '가심비 맛집', '갓성비 맛집', '서울 가성비', '서울 회 맛집', '숙성회', '남대문시장', '남대문시장 맛집', '회현역 맛집', '회현역 노포', '남대문시장 노포', '중구 맛집', '중구', '비 맛집', '시즌비시즌 맛집', '시즌비시즌', '정지훈 맛집', '비 노포']","인당 12,000원에 상다리 부러지는 미친 코스가 나오는 30년 업력의 시장 횟집",vxQ6-8ZuXMU
38,,,서울 중구 인현동2가 95-6 부여식품,부여식품,,126.995085271542,37.5650093521085,,,,"['노포식당', '노포 맛집', '노포집', '노포 식당', '을지로 가맥집', '서울 가맥집', '허영만 을지로맛집', '서울맛집', '을지로 맛집', '서울 맛집', '가성비 맛집', '맛집 예약', '가성비', '서울 가성비 맛집', '을지로 식품집', '부여식품', '을지로 3가 맛집', '막창 맛집', '돼지 막창', '돼지 짜글이', '감자전 맛집', '감자 맛집']",스타급 유명인이 몰래 슬쩍 와서 먹고 간다는 희한한 식품집,H6o1Ro1gXno
39,,,서울 동대문구 휘경동 276-48,장군 뽈따구 숯불구이,,127.061819662868,37.5896402350533,,,,"['가성비 맛집', '서울맛집', '서울 맛집', '서울 가성비 맛집', '서울먹방', '먹방데이트', '맛집 소개', '맛집 소개 유튜버', '서울 맛집 유튜버', '서울 맛집 소개', '맛집소개', '맛집소개 유튜버', '맛집 유튜버', '술먹방', '가심비 맛집', '갓성비 맛집', '서울 가성비', '소고기', '한우 맛집', '마장동 한우', '소고기 맛집', '장군 뽈따구', '회기역 맛집', '동대문구 맛집', '회기 노포', '시립대 맛집', '육회 맛집', '육회 가성비 맛집']",무려 30년 동안 범상치 않은 메뉴를 팔아 온 진짜배기 로컬 맛집 + ?????,r8sx4inP96s
40,,,서울 강동구 천호동 287-22,인생횟집,,127.12750477691,37.5478528360736,,,,"['숙성회 맛집', '선어회 맛집', '서울 숙성회 맛집', '서울 횟집 맛집', '서울 선어회 맛집', '가성비 맛집', '서울맛집', '서울 맛집', '서울 가성비 맛집', '서울먹방', '먹방데이트', '가성비 숙성회 맛집', '숙성회 가성비', '가성비 숙성회', '맛집 소개', '맛집 소개 유튜버', '서울 맛집 유튜버', '서울 맛집 소개', '맛집소개', '맛집소개 유튜버', '맛집 유튜버', '술먹방', '가심비 맛집', '갓성비 맛집', '서울 가성비', '서울 회 맛집', '강동구', '강동구 맛집', '암사역', '암사동', '암사 맛집', '암사역 맛집', '암사동 맛집', '천호동 맛집', '천호역 맛집', '천호 맛집', '숙성회']",오지는 숙성회와 살발한 안주들이 쓰나미처럼 밀려나오는 역대급 인생 횟집,Pvbt2iiU8NA
41,,,서울 중구 충무로3가 23-1,1. 사랑방칼국수,,126.991365665173,37.5632917496049,,,,"['가성비 맛집', '노포식당', '노포 맛집', '노포집', '노포 식당', '서울맛집', '서울 맛집', '서울 가성비 맛집', '서울먹방', '먹방데이트', '서울노포', '오래된 맛집', '오래된 집', '오래된 가게', '맛집 소개', '맛집 소개 유튜버', '서울 맛집 유튜버', '서울 맛집 소개', '서울 고기 맛집', '맛집소개', '맛집소개 유튜버', '맛집 유튜버', '술먹방', '가심비 맛집', '갓성비 맛집', '서울 가성비', '닭한마리', '닭한마리맛집', '중구맛집', '닭1마리', '충무로 노포', '충무로 맛집', '복날 맛집', '닭백숙', '백숙백반', '송파구 맛집', '송파 가성비 맛집', '성수 가성비 맛집', '성수 맛집']","칼국수를 시키면 닭한마리를 통째로 주는 집, 골목을 평정한 53년 된 전설적인 백숙백반집",i_7WqJ8L3yQ
42,,,서울 동작구 신대방2동 361-38,영덕물회막회,,126.923714092199,37.4981746766372,,,,"['서울 횟집 맛집', '서울 선어회 맛집', '가성비 맛집', '서울맛집', '서울 맛집', '서울 가성비 맛집', '서울먹방', '먹방데이트', '맛집 소개', '맛집 소개 유튜버', '서울 맛집 유튜버', '서울 맛집 소개', '맛집소개', '맛집소개 유튜버', '맛집 유튜버', '술먹방', '가심비 맛집', '갓성비 맛집', '서울 가성비', '서울 회 맛집', '회', '회 맛집', '물회', '동작구 맛집', '신대방동 맛집', '동작구 노포', '보라매 맛집', '보라매역 맛집', '7호선 맛집', '물회 노포', '서울 물회 맛집']",15년 전 가격을 그대로 유지하고 있는 노부부 사장님의 가성비 쩌는 물회 맛집,niIzngWYiks
43,,,서울 관악구 봉천로62길 2,기절초풍왕순대,,126.958419469605,37.4781102362878,,,,"['가성비 맛집', '서울맛집', '서울 맛집', '서울 가성비 맛집', '서울먹방', '먹방데이트', '맛집 소개', '맛집 소개 유튜버', '서울 맛집 유튜버', '서울 맛집 소개', '맛집소개', '맛집소개 유튜버', '맛집 유튜버', '술먹방', '가심비 맛집', '갓성비 맛집', '서울 가성비', '관악구 맛집', '막창 순대', '막창', '순대 맛집', '서울 순대맛집', '낙성대 맛집', '서울대입구 맛집', '샤로수길 맛집', '봉천동 맛집', '봉천동']",20년째 동네에서 정평난 간판부터 심상치 않은 레전드 맛집,Atq79oLgPUU
44,,,서울 중구 퇴계로36길 36-1,청해,,126.995236904885,37.5602780452738,,,,"['서울 횟집 맛집', '서울 선어회 맛집', '가성비 맛집', '서울맛집', '서울 맛집', '서울 가성비 맛집', '서울먹방', '먹방데이트', '맛집 소개', '맛집 소개 유튜버', '서울 맛집 유튜버', '서울 맛집 소개', '맛집소개', '맛집소개 유튜버', '맛집 유튜버', '술먹방', '가심비 맛집', '갓성비 맛집', '서울 가성비', '서울 회 맛집', '숙성회', '충무로', '충무로 노포', '충무로 횟집', '충무로 맛집', '중구 맛집', '회', '회 맛집']",40년 업력의 동네 어르신들끼리도 숨긴다는 숨은 한국식 횟집,VnB6G3q7Ilw
45,,,서울 성동구 청계천로10가길 102 희운빌딩,고기선수촌,,127.037434698419,37.5715230338935,,,,"['가성비 맛집', '서울맛집', '서울 맛집', '서울 가성비 맛집', '서울먹방', '먹방데이트', '맛집 소개', '맛집 소개 유튜버', '서울 맛집 유튜버', '서울 맛집 소개', '맛집소개', '맛집소개 유튜버', '맛집 유튜버', '술먹방', '가심비 맛집', '갓성비 맛집', '서울 가성비', '소고기', '한우 맛집', '한우 무한리필', '마장동 한우', '한우 2등급', '성동구 맛집', '소고기 맛집']",진짜 한우를 믿을 수 없는 가격에 무한리필로 먹을 수 있는 집,8rcwh_wLuK0
46,,,서울 송파구 올림픽로35길 104,양군스시&참치,,127.099302526074,37.519817176496,,,,"['숙성회 맛집', '선어회 맛집', '서울 숙성회 맛집', '서울 횟집 맛집', '서울 선어회 맛집', '가성비 맛집', '서울맛집', '서울 맛집', '서울 가성비 맛집', '서울먹방', '먹방데이트', '가성비 숙성회 맛집', '숙성회 가성비', '가성비 숙성회', '맛집 소개', '맛집 소개 유튜버', '서울 맛집 유튜버', '서울 맛집 소개', '맛집소개', '맛집소개 유튜버', '맛집 유튜버', '술먹방', '가심비 맛집', '갓성비 맛집', '서울 가성비', '서울 회 맛집', '숙성회', '참치 맛집', '참치회 맛집', '참다랑어', '혼마구로 맛집', '참치 가성비', '서울 참치 가성비 횟집', '송파구맛집', '송파 맛집', '잠실 맛집', '잠실 가성비 맛집', '잠실', '잠실나루']",미친 퀄리티의 참다랑어 참치 초밥을 믿기 어려운 가격에 파는 집,Gcakv7G4PBM
47,,,서울 광진구 아차산로 413-6,새맛식당,,127.088676060054,37.5381476766317,,,,"['가성비 맛집', '노포식당', '노포 맛집', '노포집', '노포 식당', '서울맛집', '서울 맛집', '서울 가성비 맛집', '서울먹방', '먹방데이트', '서울노포', '오래된 맛집', '오래된 집', '오래된 가게', '맛집 소개', '맛집 소개 유튜버', '서울 맛집 유튜버', '서울 맛집 소개', '돼지고기 맛집', '서울 돼지고기 맛집', '서울 고기 맛집', '맛집소개', '맛집소개 유튜버', '맛집 유튜버', '술먹방', '가심비 맛집', '갓성비 맛집', '서울 가성비', '백반 맛집', '백반 노포', '서울 백반 맛집', '구의역 맛집', '구의 맛집', '구의동 맛집', '광진구 맛집', '광진구 노포']","시골 감성의 별장에서 먹는 착한 가격의 삼겹살 맛집, 역대급 가성비의 근본 제대로 있는 백반집",Hqz3AYxsEDk
48,,,서울 중구 다동 51-5,황소막창 ,,126.980665019965,37.5681128833451,,,,"['노포식당', '노포래퍼', '노포 맛집', '노포집', '노포 식당', '서울맛집', '서울 맛집', '서울먹방', '먹방데이트', '서울노포', '맛집소개', '맛집소개 유튜버', '맛집 유튜버', '서울 맛집 유튜버', '서울 맛집 소개', '술먹방', '충무로', '중구 맛집', '막창 맛집', '서울 막창 맛집', '을지로', '시청', '광화문', '중구 노포식당', '을지로 노포식당', '을지로 노포', '가심비 맛집', '가심비']","기상천외한 곳에 위치한 식당, 앉아만 있어도 취할 것 같은 분위기 쩌는 야장 맛집",AR-tH4rEPYE
49,,,서울 동대문구 전농로 30-1,1. 장원닭한마리,,127.057131170726,37.5674753521614,,,,"['가성비 맛집', '노포식당', '노포 맛집', '노포집', '노포 식당', '서울맛집', '서울 맛집', '서울 가성비 맛집', '서울먹방', '먹방데이트', '서울노포', '오래된 맛집', '오래된 집', '오래된 가게', '맛집 소개', '맛집 소개 유튜버', '서울 맛집 유튜버', '서울 맛집 소개', '서울 고기 맛집', '맛집소개', '맛집소개 유튜버', '맛집 유튜버', '술먹방', '가심비 맛집', '갓성비 맛집', '서울 가성비', '볶음밥 맛집', '볶음밥', '닭한마리', '닭한마리맛집', '동대문구맛집', '답십리맛집', '중구맛집', '종각맛집', '닭1마리', '동대문구 노포', '답십리 노포']","맛에 있어 소통과 타협 일절 안 하는 집, 서울와서 처음 접해본 음식이지만 제대로 매료된 집",1IkPggRZUcA
50,,,서울 은평구 통일로80길 10,중국소흘 ,,126.921837549704,37.6199372310152,,,,"['가성비 맛집', '노포식당', '노포 맛집', '노포집', '노포 식당', '서울맛집', '서울 맛집', '서울 가성비 맛집', '서울먹방', '먹방데이트', '서울노포', '오래된 맛집', '오래된 집', '오래된 가게', '맛집 소개', '맛집 소개 유튜버', '서울 맛집 유튜버', '서울 맛집 소개', '서울 고기 맛집', '맛집소개', '맛집소개 유튜버', '맛집 유튜버', '술먹방', '가심비 맛집', '갓성비 맛집', '서울 가성비', '중국집 맛집', '은평구 맛집', '연신내 맛집', '3호선 맛집', '연신내 노포', '볶음밥 맛집', '볶음밥', '서울 볶음밥 맛집', '양고기', '양고기 맛집', '서울 양고기 맛집']","검색해도 안 나오는 리얼 본토 중식당, 살발한 맛에 압도당한 진짜 숨은 맛집",PfcjX2YhxjU
51,,,서울 용산구 남영동 52-2,남영돈,,126.973779350839,37.5427528866478,,,,"['서울 텐동 맛집', '용산 맛집', '용산구 맛집', '남영역 맛집', '남영동 맛집', '숙대입구 맛집', '숙대 맛집', '숙대입구역 맛집', '최자로드', '최자 맛집', '최자 동네', '최자 맛집 동네', '가성비 맛집', '노포식당', '노포 맛집', '노포집', '노포 식당', '서울맛집', '서울 맛집', '서울 가성비 맛집', '서울먹방', '먹방데이트', '서울노포', '오래된 맛집', '오래된 집', '오래된 가게', '맛집 소개', '맛집 소개 유튜버', '서울 맛집 유튜버', '서울 맛집 소개', '돼지고기 맛집', '서울 돼지고기 맛집', '서울 고기 맛집', '맛집소개', '맛집소개 유튜버', '맛집 유튜버', '술먹방', '가심비 맛집', '갓성비 맛집', '서울 가성비', '재상이 김치']","현시점 서울에서 가장 인기 있는 고깃집, 한동안 문을 닫았다가 최근 재오픈한 40년 육박 서울 돼지고기 맛집 [용산 남영돈]",dUXCDpzw9zk
52,,,서울 서대문구 연희로15길 27 라이라이 1층,1. 라이라이,,126.930437098041,37.5685901508409,,,,"['노포식당', '노포래퍼', '노포 맛집', '노포집', '노포 식당', '서울맛집', '서울 맛집', '서울먹방', '먹방데이트', '서울노포', '맛집소개', '맛집소개 유튜버', '맛집 유튜버', '서울 맛집 유튜버', '서울 맛집 소개', '술먹방', '가심비 맛집', '갓성비 맛집', '서울 가성비', '화상노포', '서울 중국집 맛집', '간짜장 맛집', '화상 노포', '서울 짜장 맛집', '짜장면 맛집', '짜장면', '간짜장', '노포 간짜장', '동대문구 중국집', '서대문구 중국집', '연희동 중국집', '연희동 노포', '화상 중국집', '연희동 맛집', '서대문구 맛집']","대한민국 최고 중식 셰프의 레스토랑 바로 옆자리에서 살아남은 집, 독보적인 메뉴 하나로 인기 상당한 식당, 그리고 김사원이 자주 가던 추억의 맛집 [연희동 라이라이/이품]",A_jjsMkmqH8
53,,,서울 강남구 역삼동 738-2,역삼동 북어집,,127.036732521991,37.4986062577143,,,,"['강남구 맛집', '가성비 맛집', '노포식당', '노포 맛집', '노포집', '노포 식당', '서울맛집', '서울 맛집', '서울 가성비 맛집', '서울먹방', '먹방데이트', '서울노포', '오래된 맛집', '오래된 집', '오래된 가게', '가성비 숙성회', '맛집 소개', '맛집 소개 유튜버', '서울 맛집 유튜버', '서울 맛집 소개', '맛집소개', '맛집소개 유튜버', '맛집 유튜버', '술먹방', '가심비 맛집', '갓성비 맛집', '서울 가성비', '강남 맛집', '기사식당', '기사식당 맛집']","택시기사님들이 수시로 들락거리는 34년 된 찐 맛집, 기사식당계의 여명 808, 아재들의 성지 서울 노포식당 맛집 [역삼 역삼동 북어집]",u3_Citt-O-Q
54,,,서울 강동구 천호동 397-399,오징어참치,,127.131275781778,37.5421746650295,,,,"['서울 횟집 맛집', '서울 선어회 맛집', '가성비 맛집', '서울맛집', '서울 맛집', '서울 가성비 맛집', '서울먹방', '먹방데이트', '맛집 소개', '맛집 소개 유튜버', '서울 맛집 유튜버', '서울 맛집 소개', '맛집소개', '맛집소개 유튜버', '맛집 유튜버', '술먹방', '가심비 맛집', '갓성비 맛집', '서울 가성비', '서울 회 맛집', '강동구', '강동구 맛집', '암사역', '암사동', '암사 맛집', '암사역 맛집', '암사동 맛집', '천호동 맛집', '천호역 맛집', '천호 맛집']","구성 옹골찬 모둠회가 1만원? 역대급 가성비 횟집, 어르신들의 성지인 서울 가성비 횟집 [천호 오징어참치]",L3xofP8hPZE
55,,,서울 종로구 종로41길 10,일번지,,127.006826289381,37.5717038350755,,,,"['가성비 맛집', '노포식당', '노포 맛집', '노포집', '노포 식당', '서울맛집', '서울 맛집', '서울 가성비 맛집', '서울먹방', '먹방데이트', '서울노포', '오래된 맛집', '오래된 집', '오래된 가게', '맛집 소개', '맛집 소개 유튜버', '서울 맛집 유튜버', '서울 맛집 소개', '서울 고기 맛집', '맛집소개', '맛집소개 유튜버', '맛집 유튜버', '술먹방', '가심비 맛집', '갓성비 맛집', '서울 가성비', '종로구 맛집', '중국집 맛집', '서울 짜장면 맛집', '서울 고기튀김 맛집', '서울 튀김 맛집', '중식 포차', '동대문 맛집', '동대문역 맛집', '동대문 노포', '동대문역 노포', '종로 5가 맛집']","살면서 처음 보는 스타일의 술맛 살발한 중식 포차, 30년도 넘은 분위기 오지는 노포 맛집 [동대문 일번지]",5dehd_9_X5I
56,,,서울 종로구 자하문로7길 27,대하식당,,126.970483154281,37.5789420863256,,,,"['가성비 맛집', '노포식당', '노포 맛집', '노포집', '노포 식당', '서울맛집', '서울 맛집', '서울 가성비 맛집', '서울먹방', '먹방데이트', '서울노포', '오래된 맛집', '오래된 집', '오래된 가게', '맛집 소개', '맛집 소개 유튜버', '서울 맛집 유튜버', '서울 맛집 소개', '돼지고기 맛집', '서울 돼지고기 맛집', '서울 고기 맛집', '맛집소개', '맛집소개 유튜버', '맛집 유튜버', '술먹방', '가심비 맛집', '갓성비 맛집', '서울 가성비', '재상이 김치', '종로구 맛집', '서촌 맛집', '경복궁역 맛집', '체부동 맛집', '서촌 데이트', '경복궁 맛집']","묵은지가 오지게 맛있는 솥뚜껑 삼겹살집, 가성비 최고 생삼겹살과 옛추억을 느낄 수 있는 서울 노포식당 가성비 맛집 [서촌 대하식당]",_48FvsixvIQ
57,,,서울 마포구 성미산로 165-1 1층 우측,야키토리묵,,126.92456870688,37.5646633414656,,,,"['오마카세맛집', '가성비 오마카세', '독바위역 맛집', '심야식당', '가성비 맛집', '서울맛집', '서울 맛집', '가성비', '서울 가성비 맛집', '서울먹방', '먹방데이트', '맛집소개', '맛집소개 유튜버', '맛집 유튜버', '서울 맛집 유튜버', '서울 맛집 소개', '고독한 미식가', '홍대 맛집', '연남동 맛집', '오마카세', '닭오마카세', '야키토리']","1.8만원과 3.5만원 두 종류의 초저가 오마카세집, 제대로 된 간판도 없지만 국내 유일로 미슐랭이 걸린 집 [연남동 야키토리묵]",o37FGNaGSk0
58,,,서울 성동구 왕십리로28길 12,만물슈퍼,,127.031823302492,37.5646975653747,,,,"['노포식당', '노포 맛집', '노포집', '노포 식당', '서울 가맥집', '서울맛집', '서울 맛집', '가성비 맛집', '가성비', '서울 가성비 맛집', '가맥집', '서울먹방', '먹방데이트', '서울노포', '실내포차', '포차맛집', '서울 실내포차', '서울 포차 맛집', '노포래퍼', '맛집소개', '맛집소개 유튜버', '맛집 유튜버', '서울 맛집 유튜버', '서울 맛집 소개', '술먹방', '가심비 맛집', '갓성비 맛집', '서울 가성비', '성동구 맛집', '성동구 노포', '노포', '왕십리 노포', '상왕십리 노포', '왕십리 맛집', '왕십리역맛집']","소주,맥주 단돈 2500원, 안주들이 과연 슈퍼에서 나올 수 있는 메뉴인가 싶은 낮술하기 좋은 집, 서울의 흔치않은 가맥집, 서울 가성비 맛집 [왕십리 만물슈퍼]",yjWyuPWhF-Q
59,,,서울 광진구 아차산로33길 34,강경수참치,,127.070596021298,37.5417218818615,,,,"['숙성회 맛집', '선어회 맛집', '서울 숙성회 맛집', '서울 횟집 맛집', '서울 선어회 맛집', '가성비 맛집', '서울맛집', '서울 맛집', '서울 가성비 맛집', '서울먹방', '먹방데이트', '가성비 숙성회 맛집', '숙성회 가성비', '가성비 숙성회', '맛집 소개', '맛집 소개 유튜버', '서울 맛집 유튜버', '서울 맛집 소개', '맛집소개', '맛집소개 유튜버', '맛집 유튜버', '술먹방', '가심비 맛집', '갓성비 맛집', '서울 가성비', '서울 회 맛집', '숙성회', '광진구 맛집', '건대 맛집', '건대입구 맛집', '건대입구역 맛집', '참치 맛집', '참치회 맛집', '참다랑어', '혼마구로 맛집', '참치 가성비', '서울 참치 가성비 횟집']","100% 예약제로 운영하는 가성비 훌륭한 참치집, 참다랑어가 80% 이상 나오는 단일 메뉴 업장, 서울 가성비 참치 맛집 [건대 강경수참치]",2dIHFvWFz08
60,,,서울 광진구 동일로 150,남한강민물매운탕,,127.066210285087,37.545626109663,,,,"['노포식당', '노포래퍼', '노포 맛집', '노포집', '노포 식당', '서울맛집', '서울 맛집', '서울먹방', '먹방데이트', '서울노포', '맛집소개', '맛집소개 유튜버', '맛집 유튜버', '서울 맛집 유튜버', '서울 맛집 소개', '술먹방', '가성비 맛집', '가심비 맛집', '갓성비 맛집', '서울 가성비', '매운탕', '민물매운탕', '매운탕 맛집', '광진구 맛집', '건대 맛집', '건대입구 맛집', '건대입구역 맛집', '건대 노포', '자양동 노포', '화양동 노포', '성수역 노포', '성수역 맛집', '건대입구 노포', '국물 맛집', '국물 요리']","백종원의 16년째 단골이라는 숨겨진 맛집, 아재 사운드 자동으로 나오는 개쩌는 국물 맛집, 서울 노포식당 맛집 [건대 남한강 민물매운탕]",BScrEW35VoA
61,,,서울 강북구 수유동 산17-1,1. 인수재,,127.002622019423,37.6463392661064,,,,"['노포식당', '노포래퍼', '노포 맛집', '노포집', '노포 식당', '서울맛집', '서울 맛집', '서울먹방', '먹방데이트', '서울노포', '맛집소개', '맛집소개 유튜버', '맛집 유튜버', '서울 맛집 유튜버', '서울 맛집 소개', '술먹방', '가성비 맛집', '가심비 맛집', '갓성비 맛집', '서울 가성비', '인수재', '청화가든', '수유 맛집', '수유역 맛집', '강북구 맛집', '갈매기살 맛집', '두부 맛집', '손두부', '수유 노포', '수유 노포식당', '수유동 맛집', '수유동 노포']","산속에 숨어있는 운치 오져버린 식당, 수십년간 숨어있다 이제서야 난리난 화제의 맛집, 착한 가격의 힐링쩌는 서울 노포식당 가성비 맛집 [북한산 인수재 / 청화가든]",_p9eOEKzltU
62,,,서울 동대문구 왕산로35길 7,고흥아줌매,,127.043201403415,37.5800805118722,,,,"['노포식당', '노포래퍼', '노포 맛집', '노포집', '노포 식당', '서울맛집', '서울 맛집', '서울먹방', '먹방데이트', '서울노포', '맛집소개', '맛집소개 유튜버', '맛집 유튜버', '서울 맛집 유튜버', '서울 맛집 소개', '술먹방', '가성비 맛집', '가심비 맛집', '갓성비 맛집', '서울 가성비', '제기동 맛집', '청량리 맛집', '석화 맛집', '서울 석화찜 맛집', '서울 굴 맛집', '석화찜 노포', '굴 노포', '동대문구 맛집', '청량리역 맛집', '청량리 노포', '청량리 노포식당']","석화찜을 저렴한 가격에 푸짐하게 먹을 수 있는 집, 가성비 좋은 한우 육회까지 술맛 살발한 주당들의 성지, 서울 노포식당 가성비 맛집 [청량리 고흥아줌매]",lz91mB8kxB4
63,,,서울 강북구 삼양로 501,마포감자국,,127.014231720461,37.647893174147,,,,"['노포식당', '노포래퍼', '노포 맛집', '노포집', '노포 식당', '서울맛집', '서울 맛집', '서울먹방', '먹방데이트', '서울노포', '맛집소개', '맛집소개 유튜버', '맛집 유튜버', '서울 맛집 유튜버', '서울 맛집 소개', '술먹방', '가성비 맛집', '가심비 맛집', '갓성비 맛집', '서울 가성비', '수요미식회', '수요미식회 감자탕', '감자탕 맛집', '감자국 맛집', '수유 맛집', '수유역', '419민주묘지', '우이동 맛집', '수유동 맛집', '수유동 감자탕', '우이동 감자탕', '수유동 감자국', '우이동 감자국', '강북구 맛집', '수유 노포식당', '수유동 노포식당', '우이동 노포식당', '수유역 노포', '수유 노포']","44년 업력의 여운 오지게 남는 인생 감자국집, 독특한 스타일의 중독성 강한 작고 소박한 식당, 서울 노포식당 감자탕 맛집 [수유 마포감자국]",rrAwrXuKZ3A
64,,,서울 마포구 동교로27길 60,바다회사랑 1호점,,126.921061101833,37.5604147426721,,,,"['숙성회 맛집', '선어회 맛집', '서울 숙성회 맛집', '서울 횟집 맛집', '서울 선어회 맛집', '가성비 맛집', '서울맛집', '서울 맛집', '서울 가성비 맛집', '서울먹방', '먹방데이트', '가성비 숙성회 맛집', '숙성회 가성비', '가성비 숙성회', '맛집 소개', '맛집 소개 유튜버', '서울 맛집 유튜버', '서울 맛집 소개', '맛집소개', '맛집소개 유튜버', '맛집 유튜버', '술먹방', '가심비 맛집', '갓성비 맛집', '서울 가성비', '서울 회 맛집', '숙성회', '홍대 맛집', '바다회사랑', '대방어 맛집', '방어', '대방어', '방어 맛집', '서울 방어 맛집', '연남동 맛집', '홍대입구 맛집', '마포구 맛집', '대방어맛집', '서울방어맛집', '서울대방어맛집', '방어맛집', '대방어 먹방', '대방어회', '대방어 가격', '대방어 부위', '대방어 회', '연남동']","전국에서 대방어가 가장 많이 팔리는 집, 두툼한 숙성 방어회를 파는 줄 서서 먹는 식당, 서울 대방어 맛집 [연남동 바다회사랑]",V5xcmnrtA9A
65,,,서울 용산구 백범로99길 48,고가길 9공탄,,126.972112928827,37.5360706883424,,,,"['노포식당', '노포래퍼', '노포 맛집', '노포집', '노포 식당', '서울맛집', '서울 맛집', '서울먹방', '먹방데이트', '서울노포', '맛집소개', '맛집소개 유튜버', '맛집 유튜버', '서울 맛집 유튜버', '서울 맛집 소개', '술먹방', '항정살', '용산구 맛집', '삼각지 맛집', '몽탄', '몽탄 웨이팅', '돼지고기', '삼겹살', '갈비', '삼각지역 맛집', '최자로드', '최자 맛집', '서울 고기 맛집', '양념 갈비 맛집', '김치볶음밥 맛집']","현시점 서울에서 가장 핫한 고깃집 옆 자그마한 식당, 고가도로 아래에 위치한 인생 항정살집, 야장 감성 오지는 서울 돼지고기 맛집 [삼각지 고가길 9공탄]",mpHvz3xFZng
66,,,서울 강동구 양재대로81길 20,원조 성내볼데기집,,127.133043328598,37.5230560690096,,,,"['가성비 맛집', '서울맛집', '서울 맛집', '서울 가성비 맛집', '서울먹방', '먹방데이트', '맛집 소개', '맛집 소개 유튜버', '서울 맛집 유튜버', '서울 맛집 소개', '맛집소개', '맛집소개 유튜버', '맛집 유튜버', '술먹방', '가심비 맛집', '갓성비 맛집', '서울 가성비', '강동구', '강동구 맛집', '암사동 맛집', '천호역 맛집', '천호 맛집', '노포식당', '노포래퍼', '노포 맛집', '노포집', '노포 식당', '서울노포', '성내동 맛집', '성내동', '둔촌동 맛집', '둔촌역 맛집', '올림픽 공원', '올림픽 공원역 맛집', '대구탕 맛집', '미더덕찜 맛집', '뽈찜 맛집']","간판부터 살발한 30년 전통의 변함없는 진짜배기 찐 맛집, 손님 대부분이 동네 어르신들인 오래된 식당, 서울 노포식당 가성비 맛집 [성내동 원조 성내볼데기집]",9q-wE5IMoYc
67,,,서울 동작구 성대로1길 1,맥반석 조개구이,,126.9324385059,37.5003198777346,,,,"['노포식당', '노포래퍼', '노포 맛집', '노포집', '노포 식당', '서울맛집', '서울 맛집', '서울먹방', '먹방데이트', '서울노포', '맛집소개', '맛집소개 유튜버', '맛집 유튜버', '서울 맛집 유튜버', '서울 맛집 소개', '술먹방', '가성비 맛집', '가심비 맛집', '갓성비 맛집', '서울 가성비', '서울 막회 맛집', '동작구 맛집', '상도동 맛집', '신대방삼거리역 맛집', '상도동 노포식당', '동작구 노포식당', '조개구이 맛집', '서울 을왕리', '을왕리 조개구이', '서울 조개구이 맛집', '조개구이 노포', '서울 조개구이']","서울에서 보기 드문 노부부 사장님의 20년 넘은 자그마한 조개구이 전문점, 시장 골목에 가성비 착한 오래된 식당, 서울 노포식당 맛집 [신대방삼거리역 맥반석 조개구이]",xgtxcRThqTg
68,,,서울 광진구 아차산로53길 8,울돌목 주먹고기,,not found,not found,,,,"['가성비 맛집', '노포식당', '노포 맛집', '노포집', '노포 식당', '서울맛집', '서울 맛집', '서울 가성비 맛집', '서울먹방', '먹방데이트', '서울노포', '오래된 맛집', '오래된 집', '오래된 가게', '맛집 소개', '맛집 소개 유튜버', '서울 맛집 유튜버', '서울 맛집 소개', '광진구 맛집', '구의동 맛집', '구의 맛집', '구의역 맛집', '돼지고기 맛집', '서울 돼지고기 맛집', '서울 고기 맛집', '맛집소개', '맛집소개 유튜버', '맛집 유튜버', '술먹방', '가심비 맛집', '갓성비 맛집', '서울 가성비', '광진구', '주먹고기', '주먹고기 맛집', '재상이 김치']","삼겹살, 목살보다 맛있다는 이 집 주먹고기, 23년째 영업 중인 알려지지 않은 동네 찐맛집, 동네 사람들도 숨긴다는 서울 노포식당 맛집 [구의역 울돌목 주먹고기]",FF6tgwuzp9s
69,,,서울 강동구 상암로 42,태양수산,,127.127883987264,37.5495780175349,,,,"['숙성회 맛집', '선어회 맛집', '서울 숙성회 맛집', '서울 횟집 맛집', '서울 선어회 맛집', '가성비 맛집', '서울맛집', '서울 맛집', '서울 가성비 맛집', '서울먹방', '먹방데이트', '가성비 숙성회 맛집', '숙성회 가성비', '가성비 숙성회', '맛집 소개', '맛집 소개 유튜버', '서울 맛집 유튜버', '서울 맛집 소개', '맛집소개', '맛집소개 유튜버', '맛집 유튜버', '술먹방', '가심비 맛집', '갓성비 맛집', '서울 가성비', '서울 회 맛집', '강동구', '강동구 맛집', '암사역', '암사동', '암사 맛집', '암사역 맛집', '암사동 맛집', '천호동 맛집', '천호역 맛집', '천호 맛집', '숙성회']","인당 19,000원에 오지게 실한 숙성회를 먹을 수 있는 집, 술안주 쉴 새 없이 옹골차게 나오는 서울 가성비 횟집 [암사 태양수산]",0_ADcgRy0eY
70,,,서울 동대문구 휘경로 3-8,영화장,,127.060942053934,37.5965814813787,,,,"['노포식당', '노포래퍼', '노포 맛집', '노포집', '노포 식당', '서울맛집', '서울 맛집', '서울먹방', '먹방데이트', '서울노포', '맛집소개', '맛집소개 유튜버', '맛집 유튜버', '서울 맛집 유튜버', '서울 맛집 소개', '술먹방', '가심비 맛집', '갓성비 맛집', '서울 가성비', '동대문구 맛집', '외대역 맛집', '이문동 맛집', '화상노포', '서울 중국집 맛집', '간짜장 맛집', '화상 노포', '서울 짜장 맛집', '짜장면 맛집', '짜장면', '간짜장', '노포 간짜장', '동대문구 짜장 맛집', '동대문구 중국집']","50년 전통의 노포 간짜장 맛집, 블루리본 8관왕을 받은 동네 중국집, 서울 노포식당 맛집 [외대 영화장]",Bj9NjD1-G2E
71,,,서울 관악구 은천로2길 18 1층,신풍루 곱창구이,,126.937673730794,37.4858245613578,,,,"['노포식당', '노포래퍼', '노포 맛집', '노포집', '노포 식당', '서울맛집', '서울 맛집', '서울먹방', '먹방데이트', '서울노포', '맛집소개', '맛집소개 유튜버', '맛집 유튜버', '서울 맛집 유튜버', '서울 맛집 소개', '술먹방', '가성비 맛집', '가심비 맛집', '갓성비 맛집', '서울 가성비', '서울 곱창 맛집', '서울 곱창 가성비', '곱창 가성비', '곱창 맛집', '관악구 곱창 맛집', '봉천동 곱창 맛집', '봉천역 맛집', '서울대 맛집', '서울대입구 맛집', '서울대입구 곱창']","중국집으로 개업했다가 곱창집으로 업종 바꾼 40년 전통의 가성비 쩌는 착한 곱창집, 2대째 이어오는 서울 노포식당 가성비 맛집 [봉천 신풍루곱창구이]",lkVH1aNyHJ8
72,,,서울 중구 창경궁로1길 6,1. 영덕회식당,,126.998004553391,37.5629582292754,,,,"['노포식당', '노포래퍼', '노포 맛집', '노포집', '노포 식당', '서울맛집', '서울 맛집', '서울먹방', '먹방데이트', '서울노포', '맛집소개', '맛집소개 유튜버', '맛집 유튜버', '서울 맛집 유튜버', '서울 맛집 소개', '술먹방', '가성비 맛집', '가심비 맛집', '갓성비 맛집', '서울 가성비', '서울 막회 맛집', '서울 회 맛집', '서울 닭꼬치 맛집', '충무로 맛집', '필동 맛집', '충무로역 맛집', '필동', '충무로', '중구 맛집', '충무로 노포식당']","20대부터 70대까지 줄 서서 먹는 핫한 식당, 서울에서 가장 유명한 노포 중 하나인 곳, 간판만 봐도 취하는 서울 노포식당 가성비 맛집 [충무로 영덕회식당/필동분식]",b2MxuIUkIrM
73,,,서울 종로구 율곡로14길 50,서울식당,,127.003658556253,37.5739851148422,,,,"['노포식당', '노포래퍼', '노포 맛집', '노포집', '노포 식당', '서울맛집', '서울 맛집', '서울먹방', '먹방데이트', '서울노포', '맛집소개', '맛집소개 유튜버', '맛집 유튜버', '서울 맛집 유튜버', '서울 맛집 소개', '술먹방', '가성비 맛집', '가심비 맛집', '갓성비 맛집', '서울 가성비', '종로맛집', '종로 맛집', '종로5가 맛집', '종로5가역 맛집', '종로 5가 맛집', '종로 5가역 맛집', '종로구 맛집', '효제동 맛집', '소고기 맛집', '등심 맛집', '한우 육우', '한우', '육우', '육우 맛집', '서울 소고기 맛집']","43년 업력의 오랜 내공을 자랑하는 70대 노부부의 골목 안 숨은 식당, 메뉴판조차 없는 푸근하고 인심 좋은 집, 서울 노포식당 가성비 맛집 [종로 서울식당]",jaa_p1XvV_A
74,,,서울 영등포구 영등포로43길 14,중앙참치전문,,126.907490226747,37.5206085467876,,,,"['노포식당', '노포래퍼', '노포 맛집', '노포집', '노포 식당', '서울맛집', '서울 맛집', '서울먹방', '먹방데이트', '서울노포', '맛집소개', '맛집소개 유튜버', '맛집 유튜버', '서울 맛집 유튜버', '서울 맛집 소개', '술먹방', '참치', '호마구로', '영등포구 맛집', '영등포 맛집', '영등포동 맛집', '영등포역 맛집', '서울 참치 맛집', '가성비 맛집', '가심비 맛집', '갓성비 맛집', '서울 가성비', '참치 가성비']","서울에서 현존하는 가장 오래된 참치 전문점, 30년에 육박하는 운치 끝내주는 식당, 서울 노포식당 맛집 [영등포시장 중앙참치전문]",8R52LzPN6MA
75,,,서울 강남구 논현로67길 63,풍년집,,127.034807526393,37.4927156079787,,,,"['강남구 맛집', '가성비 맛집', '노포식당', '노포 맛집', '노포집', '노포 식당', '서울맛집', '서울 맛집', '서울 가성비 맛집', '서울먹방', '먹방데이트', '서울노포', '오래된 맛집', '오래된 집', '오래된 가게', '맛집 소개', '맛집 소개 유튜버', '서울 맛집 유튜버', '서울 맛집 소개', '강남역 맛집', '강남 맛집', '역삼 맛집', '역삼역 맛집', '소고기 맛집', '소갈비살', '강남 가성비 맛집']","강남 한복판에 40년 넘은 노포 고깃집, 오직 단일 메뉴 하나로 건물 채로 확장한 집, 서울 노포식당 가성비 맛집 [역삼 풍년집]",HpuyjPK15t8
76,,,서울 마포구 신촌로14길 5 1층 여수집,여수집,,126.933982393647,37.5556680229524,,,,"['노포식당', '노포래퍼', '노포 맛집', '노포집', '노포 식당', '서울맛집', '서울 맛집', '가성비 맛집', '가성비', '서울 가성비 맛집', '서울먹방', '먹방데이트', '서울노포', '맛집소개', '맛집소개 유튜버', '맛집 유튜버', '서울 맛집 유튜버', '서울 맛집 소개', '술먹방', '술맛', '신촌 맛집', '서대문구 맛집', '신촌역 맛집', '노고산동 맛집', '문어', '문어 맛집', '병어조림', '병어조림 맛집', '술먹방 유튜버', '혼술', '연대 맛집', '연세대 맛집', '서울 노포식당']","여수 직송 해산물을 저렴하게 먹을 수 있는 집, 충격적인 반전이 있는 서울 노포식당 가성비 맛집 [신촌 여수집]",nhn3xRFh7HQ
77,,,서울 송파구 삼전로13길 4,부일갈매기,,127.089895412511,37.5072878742908,,,,"['노포식당', '노포래퍼', '노포 맛집', '노포집', '노포 식당', '서울맛집', '서울 맛집', '서울먹방', '먹방데이트', '서울노포', '맛집소개', '맛집소개 유튜버', '맛집 유튜버', '서울 맛집 유튜버', '서울 맛집 소개', '술먹방', '삼전동 맛집', '잠실 맛집', '삼전역 맛집', '잠실역 맛집', '송파 맛집', '송파구 맛집', '갈매기살', '항정살', '갈비살타레', '갈비살타래', '우설 맛집', '삼전 맛집', '소고기 맛집', '서울 소고기 맛집', '소고기']","예약 없이는 못 먹는 35년 넘은 동네 고깃집, 비싼데도 사람이 꽉 차는 집, 서울 노포식당 고기 맛집 [송파 부일갈매기]",ok2DPxteoO0
78,,,서울 은평구 불광로14길 4 더클래스 1층,소야일식,,126.933013433239,37.6191815084676,,,,"['오마카세맛집', '가성비 오마카세', '인생초밥', '인생스시', '서울초밥', '독바위역 맛집', '은평구 맛집', '심야식당', '가성비 맛집', '서울맛집', '서울 맛집', '가성비', '서울 가성비 맛집', '서울먹방', '먹방데이트', '맛집소개', '맛집소개 유튜버', '맛집 유튜버', '서울 맛집 유튜버', '서울 맛집 소개', '불광동 맛집', '스시 오마카세', '고독한 미식가']","밤늦게 문을 여는 특별한 심야식당, 주인장 마음대로 술안주를 내어주는 가성비 쩌는 술집 [독바위 소야일식]",VFhniMH5ENw
79,,,서울 영등포구 도림로139가길 11,골목집,,126.893148834962,37.513356162327,,,,"['노포식당', '노포래퍼', '노포 맛집', '노포집', '노포 식당', '허영만 가맥집', '서울 가맥집', '허영만의 백반기행', '허영만 식객', '허영만 맛집', '허영만 먹방', '허영만 백반', '허영만 서울', '서울맛집', '서울 맛집', '가성비 맛집', '가성비', '서울 가성비 맛집', '허영만 문래 맛집', '허영만 문래동', '백반기행 맛집', '백반기행 문래동', '문래동 맛집', '문래역 맛집', '문래맛집', '서울먹방', '먹방데이트', '서울노포', '영등포구 맛집', '오리고기', '오감탕', '볶음밥', '쭈꾸미', '식객 허영만의 백반기행', '식객 허영만', '초복', '중복', '말복', '복날 음식', '맛집소개', '맛집소개 유튜버', '맛집 유튜버', '서울 맛집 유튜버', '서울 맛집 소개']","철공소 골목에서 30년 넘게 할슐랭가이드에 오른 집, 식객 허영만 선생님이 반한 보양음식점, 서울 노포식당 가성비 맛집 [문래 골목집]",EOsZBk8gDWs
80,,,서울 동대문구 이문로 195,이문동그집,,127.061879754074,37.6039600168189,,,,"['신이문역', '신이문역 맛집', '외대 맛집', '외대앞 맛집', '돌곶이역 맛집', '이문동 맛집', '동대문구 맛집', '경희대 맛집', '한예종 맛집', '석관동 맛집', '차돌박이 맛집', '소곱창전골', '곱창전골', '곱창전골 가성비', '차돌박이 가성비', '가성비 맛집', '노포 맛집', '노포 식당', '서울맛집', '서울 맛집', '서울 가성비 맛집', '서울먹방', '먹방데이트', '서울노포', '노상 맛집', '서울 노상 맛집', '행당동 맛집', '술먹방', '술안주먹방', '술안주 맛집', '맛집 소개', '서울 맛집 소개', '서울 맛집 유튜버', '맛집 소개 유튜버']","1+,1++ 한우 차돌박이 가성비 쩌는 집, 믿을 수 없는 가격의 소곱창전골, 가격이 올라도 여전히 저렴한 곳, 서울 가성비 맛집 [외대 이문동그집]",wNGs5nnIjuM
81,,,서울 동작구 장승배기로 137-1,흑산도 소라,,126.939986410684,37.509869563025,,,,"['노량진 맛집', '동작구 맛집', '노량진역 맛집', '장승배기 맛집', '장승배기역 맛집', '서울 맛집', '가성비 맛집', '노포식당', '노포 맛집', '노포집', '노포 식당', '서울맛집', '서울 가성비 맛집', '서울먹방', '먹방데이트', '서울노포', '실내포차', '포차맛집', '서울 실내포차', '서울 포차 맛집', '오래된 맛집', '행당시장 노포', '노상의 계절', '노상 맛집', '서울 노상 맛집', '노량진 오래된 집', '노량진 노포식당', '노량진 노포', '노량진 회 맛집', '노량진 수산 시장 맛집', '노량진 낙지 맛집', '노량진 참소라 맛집', '서울 소라 맛집', '참소라', '흑산도 소라', '꼼장어 맛집', '노량진 꼼장어', '서울 해산물 맛집', '맛집 소개', '맛집 소개 유튜버', '서울 맛집 소개', '서울 맛집 유튜버']","간판도 없고 네이버 지도에도 안 나오는 찐 맛집, 세월의 흔적이 느껴지는 주당들의 성지, 서울 노포식당 가성비 맛집 [노량진 흑산도 소라]",ovnE7_wWm6o
82,,,서울 도봉구 노해로 341 신원리베르텔 1층,즐거운술상,,127.045912956978,37.6514452431588,,,,"['창동 맛집', '창동역 맛집', '도봉구 맛집', '창동역 오마카세', '창동역 술집', '창동역 한식 오마카세', '즐거운 술상', '이모카세', '창동 맛집 추천', '창동역 맛집 추천', '한식 주점', '한식 오마카세', '즐거운술상', '창동 술상', '가성비 맛집', '서울 가성비 맛집', '서울 맛집', '서울맛집', '서울먹방', '먹방데이트', '맛집 소개', '맛집 소개 유튜버', '서울 맛집 소개', '서울 맛집 유튜버']","숨 막히는 밑반찬과 안주 퍼레이드가 있는 집, 역대급 술맛 나는 분위기의 한식 오마카세, 서울 가성비 맛집 [창동 즐거운술상]",2tZQNbPwh2Y
83,,,서울 강남구 개포로 512,연스시,,127.068842082027,37.4893072141263,,,,"['숙성회 맛집', '선어회 맛집', '서울 숙성회 맛집', '서울 횟집 맛집', '서울 선어회 맛집', '개포동 맛집', '개포동역 맛집', '강남구 맛집', '개포동 횟집', '개포동역 횟집', '강남구 횟집 맛집', '가성비 맛집', '노포식당', '노포 맛집', '노포집', '노포 식당', '서울맛집', '서울 맛집', '서울 가성비 맛집', '서울먹방', '먹방데이트', '서울노포', '오래된 맛집', '오래된 집', '오래된 가게', '가성비 숙성회 맛집', '숙성회 가성비', '가성비 숙성회', '맛집 소개', '맛집 소개 유튜버', '서울 맛집 유튜버', '서울 맛집 소개']","숙성회를 숨도 못 쉴 정도로 먹고 온 집, 두께감 최소 베개급, 정말 어렵게 찾은 숙성회 전문점, 서울 가성비 횟집 [개포동 연스시]",Hgf1k1mp6zo
84,,,서울 중구 퇴계로 42-2,연길반점,,126.977653922122,37.5577156632633,,,,"['어향가지', '어향가지 맛집', '꿔바로우', '꿔바로우 맛집', '남대문 시장', '남대문시장 맛집', '회현역 맛집', '명동 맛집', '명동역 맛집', '남창동 맛집', '가성비 맛집', '노포식당', '노포 맛집', '노포집', '노포 식당', '서울맛집', '서울 맛집', '서울 가성비 맛집', '서울먹방', '먹방데이트', '서울노포', '오래된 맛집', '중구 맛집', '남대문시장 오래된 맛집', '남대문시장 오래된 집', '볶음밥', '볶음밥 맛집', '오래된 집', '오래된 가게', '맛집 소개', '서울 맛집 소개', '맛집 소개 유튜버', '서울', '서울 맛집 유튜버']","서울에서 '이 메뉴'로 가장 유명한 집, 사실상 전설의 메뉴, 보기만 해도 침샘 터지는 미친 비쥬얼, 서울 노포식당 맛집 [회현역 연길반점]",I8Iw4-i_knc
85,,,서울 성동구 행당로17길 11,꼬랑치킨,,127.03336799484,37.5594234256396,,,,"['왕십리 맛집', '왕십리맛집', '성동구맛집', '성동구 맛집', '행당시장 맛집', '행당시장맛집', '행당시장', '한양대 맛집', '가성비 맛집', '노포식당', '노포 맛집', '노포집', '노포 식당', '서울맛집', '서울 맛집', '서울 가성비 맛집', '가맥집', '서울먹방', '먹방데이트', '서울노포', '실내포차', '포차맛집', '서울 실내포차', '서울 포차 맛집', '오래된 맛집', '왕십리 오래된 맛집', '왕십리 오래된 집', '왕십리 노포식당', '왕십리 노포', '행당시장 노포', '행당시장 노포식당', '행당시장 노포 맛집', '왕십리 치킨 맛집', '왕십리 치킨집', '왕십리 치킨', '노상의 계절', '노상 맛집', '서울 노상 맛집', '행당동 맛집', '행당동맛집', '맛집 유튜버', '맛집 소개', '맛집 소개 유튜버', '서울 맛집 소개', '서울 맛집 유튜버']","가성비 쩌는 아재감성 술집, 혜자누님이 와도 인정할 수 밖에 없는 집, 서울 노포식당 가성비 맛집 [왕십리 꼬랑치킨]",a1skx_GYrn4
86,,,서울 관악구 남현1길 8 경도빌딩 ,청송산오징어,,126.977868492846,37.4757907849524,,,,"['사당역 맛집', '사당 맛집', '관악구 맛집', '동작구 맛집', '오징어', '오징어 맛집', '오징어 찜', '오징어 회', '오징어 통찜', '노포식당', '노포 맛집', '노포집', '노포 식당', '서울 가맥집', '서울맛집', '서울 맛집', '서울 가성비 맛집', '가맥집', '서울먹방', '먹방데이트', '서울노포', '실내포차', '포차맛집', '서울 실내포차', '서울 포차 맛집', '남현동 맛집', '오래된 맛집', '사당 노포식당', '사당역 노포식당', '사당 오래된 맛집', '사당역 오래된 맛집', '맛집 소개', '맛집 소개 유튜버', '맛집 소개 채널', '서울 맛집 소개', '서울 맛집 유튜버']","'이것'을 먹기 위해 한 달을 기다린 집, 매년 한 달간 문 닫는 집, 아재 입맛 완벽 저격, 서울 노포식당 맛집 [사당 청송산오징어]",gzWx5_ErfsM
87,,,서울 서대문구 성산로 402-1,만냥하우스,,126.93233334963,37.5612894009044,,,,"['신촌 맛집', '연세대 맛집', '창천동 맛집', '연희동 맛집', '서대문구 맛집', '숨은 맛집', '노포식당', '노포 맛집', '노포집', '노포 식당', '서울맛집', '서울 맛집', '가성비 맛집', '가성비', '서울 가성비 맛집', '서울먹방', '먹방데이트', '서울노포', '실내포차', '포차맛집', '서울 실내포차', '서울 포차 맛집', '연대 맛집', '연세대 술집', '연대 술집']","낡고 허름하고 찾기조차 힘든 포장마차지만 손맛 장인이 있는 곳, 술이 술술 들어가는 거를 타선 없는 안주 맛집, 서울 노포식당 가성비 맛집 [연세대 만냥하우스]",jAp5HCv-c3g
88,,,서울 용산구 한강대로72길 11-21,이치젠 용산점 (2호점),,126.973835448986,37.5412092163375,,,,"['서울 텐동 맛집', '텐동', '덴뿌라맛집', '용산 맛집', '용산구 맛집', '남영역 맛집', '남영동 맛집', '망원동 맛집', '망원역 맛집', '숙대입구 맛집', '숙대 맛집', '숙대입구역 맛집', '최자로드', '최자 맛집', '최자 동네', '최자 맛집 동네', '최자로드 텐동', '최자로드 튀김', '최자 덴뿌라', '백종원 텐동', '골목식당 텐동', '텐동 골목식당']","현시점 서울에서 가장 핫한 텐동집, 웨이팅 최소 한 시간, 가성비와 퀄리티 다잡은 서울 텐동 맛집 [용산 이치젠/망원 이치젠]",3a4eZcYskQQ
89,,,서울 중구 창경궁로5길 34-26,대원식당,,126.996127026894,37.5676856192299,,,,"['노포식당', '노포 맛집', '노포집', '노포 식당', '을지로 가맥집', '서울 가맥집', '서울맛집', '을지로 맛집', '서울 맛집', '을지로 4가 맛집', '가성비 맛집', '가성비', '서울 가성비 맛집', '가맥집', '서울먹방', '먹방데이트', '서울노포', '실내포차', '포차맛집', '서울 실내포차', '서울 포차 맛집', '중구 맛집', '산림동 맛집', '야장 맛집', '서울 야장 맛집', '서울 야장']","믿고 먹는 할저씨들의 아지트, 철공소 골목 안 숨은 식당, 야장 분위기 서울 노포식당 맛집 [을지로 대원식당]",BwLH01NAycA
90,,,서울 강남구 테헤란로10길 11,신동궁감자탕 역삼본점,,not found,not found,,,,"['역삼맛집', '역삼역 맛집', '선릉맛집', '선릉역 맛집', '강남맛집', '강남역 맛집', '노포식당', '노포 맛집', '노포집', '노포 식당', '서울맛집', '서울 맛집', '서울먹방', '먹방데이트', '뼈구이', '뼈숯불구이', '뼈 숯불구이', '대치동 맛집', '역삼동 맛집', '오래된 식당', '오래된 맛집', '오래된 집', '연예인 맛집', '감자탕 맛집', '맵덕', '뼈찜']","마약의 현장! 1일1깡급 중독성 맛집, 강렬한 불맛 뼈 숯불구이, 이 지역 몇 안 되는 노포식당 [역삼 신동궁 감자탕]",XWK7Fb4bYFc
91,,,서울 영등포구 도림로141길 3,지연슈퍼,,126.893144535045,37.5146267536819,,,,"['노포식당', '노포 맛집', '노포집', '노포 식당', '서울 가맥집', '서울맛집', '서울 맛집', '가성비 맛집', '가성비', '서울 가성비 맛집', '문래동 맛집', '문래역 맛집', '문래맛집', '가맥집', '서울먹방', '먹방데이트', '서울노포', '실내포차', '포차맛집', '서울 실내포차', '서울 포차 맛집', '영등포구 맛집', '다슬기', '다슬기 맛집']","살다살다 이런 슈퍼마켓 처음 봄! 남는 게 있을까 싶은 저렴한 가맥집, 서울 노포식당 가성비 맛집 [문래 지연슈퍼]",rcLcM2-myO8
92,,,서울 성북구 종암로3길 31 1층,우정초밥,,127.034298665526,37.5929829489003,,,,"['오마카세맛집', '가성비 오마카세', '이만카세', '고려대 맛집', '종암동 맛집', '고대 맛집', '우정초밥', '우정초밥리뷰', '우정초밥디너리뷰', '우정초밥 웨이팅', '우정초밥 오마카세', '고려대 오마카세', '종암동 오마카세', '종암동 맛집추천', '고대맛집추천', '스시오마카세', '고려대역', '인생초밥', '인생스시', '서울초밥']","단언컨대 서울 최저가 스시 오마카세, 과연 퀄리티는? [고려대 우정초밥]",c1WY30o38DU
93,,,서울 마포구 만리재로1길 14,영광보쌈,,126.952992351329,37.5452987922319,,,,"['공덕 맛집', '공덕역 맛집', '서울 맛집', '서울맛집', '서울노포', '노포맛집', '오래된맛집', '서울데이트코스', '서울핫플', '검증된맛집', '서울먹방', '먹방데이트', '보쌈 김치 맛집', '보쌈 맛집', '보쌈 노포', '수요미식회', '수요미식회맛집']","TV출연 일절 거부, 45년 동안 보쌈만 팔아온 노포 맛집 [공덕 영광보쌈]",9vNwSkZUIjE
94,,,서울 서대문구 거북골로20길 55,1. 맛있는집,,126.910843714938,37.580440464006,,,,"['서울 떡볶이 맛집', '서울 떡볶이 투어', '서울 3대 떡볶이', '서울 5대 떡볶이', '생활의 달인 떡볶이 서울', '떡볶이 성지']",떡볶이 찐 매니아가 소개하는 서울 떡볶이 성지 BEST 5 [증산 맛있는집 / 종로 맛나분식 / 잠원역 잠원떡볶이 / 명지대 순이네 고릴라 떡볶이 / 신사시장 쌍둥이네 떡볶이],yaNhLh4YT-c
95,,,서울 서대문구 연세로5다길 39,아저씨네낙지찜,,126.933375198003,37.5568333021808,,,,"['서대문구 맛집', '신촌역 맛집', '신촌 맛집', '연세대 맛집', '연대 맛집', '서울맛집', '서울 숨은 맛집', '노포식당', '노포', '서울 노포', '서울 가성비 맛집', '생생정보통 맛집', '먹방 브이로그', '신촌 데이트', '신촌 술집']","삼겹낙지찜을 파는 저세상 맛집, 살아남기 힘든 동네에서 홀로 26년째 장사하는 집 [신촌 아저씨네낙지찜]",WN0Rs17xooM
96,,,서울 중구 남대문시장길 37,맛있는 삼겹살,,126.978016512101,37.5605090925389,,,,"['중구 맛집', '회현역 맛집', '남대문시장 맛집', '서울맛집', '삼겹살 맛집', '노포 맛집', '서울 노포', '노포', '숨은 맛집', '오래된 맛집', '남대문시장', '고추장 삼겹살 맛집', '서울 고추장 삼겹살', '서울 데이트 맛집', '서울 데이트 코스', '남대문시장 데이트 맛집', '회현역 데이트 코스', '먹방 브이로그', '맛집 추천', '남대문 시장 맛집추천', '서울 맛집 추천']","찾아낸 게 레전드, 시장 상인들만 아는 맛집 [남대문시장 맛있는삼겹살]",-q6teqfsu4A
97,,,서울 용산구 이촌로65가길 72,골목집,,126.974960986659,37.5208539475824,,,,"['이촌동 맛집', '이촌역 맛집', '용산구 맛집', '서울 맛집', '서울맛집', '서울 가성비 맛집', '삼겹살', '더덕', '부추무침', '막걸리', '막걸리 맛집', '서울 막걸리 맛집', '전참시 이영자 맛집', '전참시 이영자 이촌동 맛집', '이영자 맛집', '이영자 이촌동', '이영자 이촌종합시장']","환상의 부추삼겹더덕 삼합, 술안주 어벤져스가 모인 집, 이영자 맛집밀집지역 [이촌동 골목집]",gLCJ1-j6pJE
98,,,서울 종로구 창경궁로 88,은성회집,,126.999707163125,37.5701125140082,,,,"['서울 맛집투어', '서울 맛집 먹방', '서울 맛집탐방', '서울 맛집 추천', '서울 맛집 리뷰', '서울 맛집소개', '서울 맛집 베스트', '서울 맛집 여행', '서울 맛집 브이로그', '서울 맛집 투어', '서울 맛집 탐방', '서울 3대 맛집', '대구탕 먹방', '대구탕 맛집', '대구탕 백종원', '대구탕 끓이기', '대구탕 만드는 법', '대구탕 매운탕', '대구탕 요리', '대구탕 재료', '광장시장 맛집', '광장시장 육회', '광장시장 먹방', '광장시장 길거리음식', '광장시장 대구탕', '종로 맛집', '종로 술집', '종로 낮술', '서울 술집', '안주 맛집', '매운탕 맛집', '횟집 먹방', '횟집 매운탕', '횟집 가성비', '소주 맛집', '소주 맛 좋은 집', '소주 한잔', '백종원 3대천왕', '백종원 3대천왕 서울', '3대천왕 서울', '3대천왕 대구탕', '숨은 맛집', '종로 숨은 맛집', '이영자 맛집', '이영자 추천맛집']",줄 서서 먹는 횟집인데 정작 회는 안 파는 집 [종로 은성회집],P12BxQ0unuM
99,,,서울 종로구 종로 19 르메이에르 B1,후니도니,,126.979923668151,37.5708444878121,,,,"['돈까스 먹방', '돈까스 asmr', '돈까스소스', '돈까스 맛집', '돈까스집', '돈까스윙스', '돈까스 소스', '돈까스 고기', '돈까스 기름', '돈까스 맛집 서울', '돈까스 연돈', '돈까스 추천', '돈까스 치즈', '돈까스 충', '골목식당 돈까스', '골목식당 연돈', '골목식당 레전드', '골목식당 논란', '연돈 제주도', '연돈 근황', '연돈 백종원', '연돈 후기', '연돈 골목식당', '연돈 먹방', '연돈 돈까스', '연돈 가격', '연돈 고기', '연돈 논란', '연돈 내부', '연돈 뉴스', '연돈 존맛', '연돈 돈까스 제주도', '연돈 대기', '연돈 돈까스 먹방', '연돈 돈까스 후기', '연돈 등심', '연돈 돈까스 백종원', '연돈 리뷰', '광화문 맛집', '서울 맛집', '서울맛집', '서울 돈까스 맛집', '서울 돈가스 맛집', '치돈 맛집', '서울 치돈 맛집']","치돈 매니아들의 성지, 마지막 남은 '연돈' 대항마, 서울 치즈 돈까스 맛집 [광화문 후니도니]",dBJ1Olkc1Zw
100,,,서울 중구 을지로33길 38,나드리식품,,126.998525115533,37.5674000578774,,,,"['노포식당', '노포래퍼', '노포 맛집', '노포집', '노포 식당', '6시내고향 노포', '을지로 가맥집', '백반기행 가맥집', '허영만 가맥집', '서울 가맥집', '허영만의 백반기행', '허영만 식객', '허영만 맛집', '허영만 먹방', '허영만 백반', '허영만 서울', '허영만 종로맛집', '허영만 을지로맛집', '서울맛집', '을지로 맛집', '서울 맛집', '을지로 4가 맛집', '가성비 맛집', '맛집 예약', '가성비', '서울 가성비 맛집']","예약하려면 한 달이 걸리는 허름한 가맥집, 식객 허영만 선생님도 인정한 서울 노포식당 가성비 맛집 [을지로 나드리식품]",rDuQT2O_FBg
101,,,,정통집,,not found,not found,,,,"['서울맛집', '서울 맛집', '골목식당', '돼지구이김치', '정통집', '서울 맛집투어', '서울 맛집탐방', '서울 맛집 먹방', '서울 맛집 브이로그', '서울 맛집 추천', '서울 맛집 리뷰', '서울 맛집 베스트', '서울 맛집소개', '서울 맛집 여행', '서울 맛집 투어', '서울 맛집 탐방', '서울 맛집 베스트 10', '서울 3대 맛집', '서울맛집탐방', '서울맛집투어', '서울맛집 먹방', '서울맛집소개', '서울맛집 브이로그', '서울맛집리스트', '서울맛집 100', '서울맛집 추천', '볶음밥 먹방', '볶음밥 레시피', '볶음밥 백종원', '볶음밥 칩', '볶음밥 맛집', '김치볶음밥 먹방', '김치볶음밥 레시피', '김치볶음밥 김치', '김치볶음밥 골목식당', '김치볶음밥 간단', '김치볶음밥 맛집', '신촌 맛집', '강남 맛집', '건대 맛집', '샤로수길 맛집', '대학로 맛집', '한양대 맛집', '왕십리 맛집', '수유 맛집']","'돼지김치구이' 단 한 가지 메뉴만 파는 집, 소주 한 잔 하기 좋은 서울 맛집 [정통집]",1kmZjUorPpE
102,,,서울 마포구 독막로3길 23,모락모락,,126.916955780472,37.5494233612327,,,,"['서울맛집', '서울 맛집', '합정 맛집', '합정 소개팅 맛집', '소개팅 애프터', '소개팅 팁', '소개팅 맛집', '소개팅 술', '소개팅 게임', '소개팅 계산', '소개팅 개그', '소개팅 밥', '소개팅 비용', '소개팅 외모', '소개팅 자리', '오뎅탕', '오뎅먹방', '오뎅국', '오뎅요리', '오뎅 먹방', '오뎅 요리', '어묵탕', '어묵먹방', '어묵요리', '어묵국', '어묵 먹방', '어묵 요리', '오뎅바', '어묵바', '고로케', '고로케 맛집', '하이볼 맛집', '하이볼 안주', '하이볼 먹방', '하이볼 얼음', '하이볼 레몬즙']","소개팅에서 달달하게 술 한잔할 수 있는 맛집, 서울 오뎅바 맛집 [합정 모락모락]",Jyg3TdkmU5A
103,,,서울 종로구 종로35길 34,백제정육점,,127.004040878995,37.5726598289616,,,,"['육회비빔밥', '육회 먹방', '육회 양념', '육회 asmr', '육회초밥', '육회 한식', '육회 만들기', '육회 비빔밥', '육회 소스', '육회 고기', '육회 가격', '육회 광장시장', '육회 가성비', '육회 냉동', '육회 다이어트', '육회 덮밥', '육회 단백질', '육회 달인', '육회 레전드', '육회 리뷰', '육회 만드는법', '육회 백종원', '가성비 육회', '가성비 맛집', '종로5가 맛집', '종로5가 가성비', '갓성비', '차돌박이 요리', '차돌박이 먹방', '차돌박이말이', '차돌박이 굽기', '차돌박이 asmr', '차돌박이 맛집', '차돌박이 삼합', '차돌박이 우삼겹', '차돌박이 양념', '차돌박이 양념장', '차돌박이 음식', '차돌박이 전문점', '차돌박이 썰기', '차돌박이 싸게']","차돌박이로 육회를 싸먹는 집, 서울 극강의 가성비 맛집 [종로 백제정육점]",-BBY9hij2UI
104,,,서울 중구 다산로 114-1,사가루가스,,127.010508975187,37.5540962009648,,,,"['연돈 백종원', '연돈 근황', '연돈 골목식당', '연돈 돈까스 제주', '연돈 제주도', '연돈 돈까스', '연돈 가격', '연돈 돈까스 후기', '연돈 백종원 제주도', '연돈 수제돈까스', '연돈 치즈돈까스', '포방터 돈까스 연돈', '포방터 돈까스', '헤키', '망원동헤키', '대학로 정돈', '합정 크레이지카츠', '압구정 카츠바이콘반', '약수 맛집', '약수역 맛집', '소개팅 돈까스', '크레이지카츠 연돈', '크레이지카츠 박대리', '합정동 크레이지카츠', '을지로 안즈', '가성비 돈까스']","서울에서 유일하게 OO로 튀기는 돈까스집, 가성비는 기본 장착, 서울 돈까스 맛집 [약수역 사가루가스]",Ug8H3CB28YA
105,,,서울 용산구 이촌로75길 16-9,한길포장마차,,126.974783764469,37.5207393924073,,,,"['노포식당', '노포 맛집', '노포집', '노포 식당', '노포 소문난식당', '인스타맛집', '이촌동 맛집', '동부이촌동', '해물포차', '포장마차 먹방', '포장마차 국수', '포장마차 닭발', '노포감성', '감성식당', '이영자 맛집 추천', '이영자 맛집', '이촌동', '꼼장어', '꼼장어 맛집', '새우전', '서울 가성비 맛집', '서울 해산물 맛집', '이촌역', '용산구 맛집']","서울에서 가장 핫하고 유명해진 포장마차, 노포감성 사냥꾼들의 종착지, 서울 포장마차맛집 [이촌동 한길포장마차]",lydQ4-edwjQ
106,,,서울 종로구 수표로18길 24,한도삼겹살,,126.990845637825,37.5692862169072,,,,"['한도삼겹살', '서울냉삼맛집', '종로3가맛집', '냉삼맛집', '냉동삼겹살', '서울냉동삼겹살', '종로맛집', '냉삼', '종로냉삼맛집', '김세끼냉삼', '냉삼1977', '냉삼 음악퀴즈', '냉삼집', '냉삼 요리', '냉삼시대', '냉삼 무한리필', '냉삼 굽는법', '냉삼 음악', '냉삼 1977', '냉삼 맛집', '냉삼 신서유기', '신서유기 7 냉삼', '냉동삼겹살 해동', '냉동삼겹살 요리', '냉동삼겹살 먹방', '냉동삼겹살 맛집', '냉동삼겹살 수육', '냉동삼겹살 굽기', '냉동삼겹살 숙성', '냉동삼겹살 맛상무', '냉동삼겹살 굽는법', '냉동삼겹살 가격', '냉동삼겹살 굽는 방법', '냉동삼겹살 김치']","2020년에도 이 집 냉동삽겹살을 먹을 수 있는 건 리그 오브 레전드, 서울 냉삼맛집 [종로 한도삼겹살]",N5_tWfhEfqI
107,,,서울 종로구 돈화문로11나길 5,이경문순대곱창,,126.990838041453,37.5730833706346,,,,"['이경문순대곱창', '종로3가맛집', '이경문', '순대곱창맛집', '곱창전골맛집', '종로곱창전골', '종로곱창전골맛집', '종로3가곱창전골', '이경문순대국', '종로3가순대국맛집', '곱창전골 레시피', '곱창전골 맛집', '곱창전골 참피디', '곱창전골 볶음밥', '곱창전골 먹방 asmr', '곱창전골 소주', '곱창전골 만들기', '곱창전골 중국당면', '곱창전골 노래', '곱창전골 먹방', '순대곱창 먹방', '순대곱창볶음', '순대곱창전골', '순대곱창전골 먹방', '순대곱창 asmr', '순대곱창볶음 레시피', '순대곱창볶음 먹방', '순대곱창 만들기', '순대곱창볶음밥', '순대곱창 볶음', 'cu 순대곱창', '익선동 맛집', '익선동']","두 발로 걸어 나오면 기적, 종로3가의 전설적인 곱창전골 맛집 [종로 이경문순대곱창]",7B0axg1GfgQ
108,,,서울 마포구 월드컵로 102,우리바다수산,,126.908894089878,37.5577779535259,,,,"['우리바다수산', '반다이크', '대방어맛집', '서울방어맛집', '서울대방어맛집', '방어맛집', '망원동맛집', '망원맛집', '망원방어맛집', '망원대방어맛집', '대방어 먹방', '대방어 낚시', '대방어회', '대방어 해체', '대방어 가격', '대방어장', '대방어 아가미', '대방어 부시리', '대방어 부위', '대방어 손질', '대방어 회', '대방어 구이', '서울 가성비 맛집', '서울 맛집', '서울맛집', '대방어', '망원역', '망원역 맛집']","'방어'력 오지는 방어계의 반다이크, 서울 대방어 맛집 [망원 우리바다수산]",1QYQI3ulvuU
109,,,서울 마포구 와우산로 15-3 1층,서울돼지구이,,126.922700402146,37.5459620209642,,,,"['상수맛집', '메이웨더', '서울삼겹살맛집', '상수고기맛집', '상수역맛집', '상수역고기맛집', '서울돼지구이', '두꺼운삼겹살', '두꺼운고기', '매이웨더', '오겹살 먹방', '오겹살 요리', '오겹살 굽기', '오겹살 수육', '오겹살 에어프라이어', '오겹살 삼겹살', '오겹살 굽는법', '오겹살 asmr', '오겹살 맛집', '오겹살 김치볶음밥', '오겹살 김치찌개', '오겹살 무한리필', '삼겹살 요리', '삼겹살 먹방', '삼겹살김밥', '삼겹살 asmr', '삼겹살 김치찌개', '삼겹살 김치']","추천 역대 전적 불패, 돼지고기계의 메이웨더, 서울 오겹살 지존 맛집 [상수 서울돼지구이]",MeNJx-a1s1Q
